Category	Condition	Orientation	Genomic	Read	Coverage	Mismatches
Exonic	107317A_TLS_0h_no4sU	First	A	C	231243626	56735
Exonic	107317A_TLS_0h_no4sU	First	A	G	231243626	130410
Exonic	107317A_TLS_0h_no4sU	First	A	T	231243626	29364
Exonic	107317A_TLS_0h_no4sU	First	C	A	252433402	147241
Exonic	107317A_TLS_0h_no4sU	First	C	G	252433402	54245
Exonic	107317A_TLS_0h_no4sU	First	C	T	252433402	77815
Exonic	107317A_TLS_0h_no4sU	First	G	A	259822184	126890
Exonic	107317A_TLS_0h_no4sU	First	G	C	259822184	67919
Exonic	107317A_TLS_0h_no4sU	First	G	T	259822184	86127
Exonic	107317A_TLS_0h_no4sU	First	T	A	245760417	135819
Exonic	107317A_TLS_0h_no4sU	First	T	C	245760417	107740
Exonic	107317A_TLS_0h_no4sU	First	T	G	245760417	62513
Exonic	107317A_TLS_0h_no4sU	Second	A	C	242010213	278506
Exonic	107317A_TLS_0h_no4sU	Second	A	G	242010213	116660
Exonic	107317A_TLS_0h_no4sU	Second	A	T	242010213	42214
Exonic	107317A_TLS_0h_no4sU	Second	C	A	267128493	313690
Exonic	107317A_TLS_0h_no4sU	Second	C	G	267128493	52515
Exonic	107317A_TLS_0h_no4sU	Second	C	T	267128493	124380
Exonic	107317A_TLS_0h_no4sU	Second	G	A	263017824	162427
Exonic	107317A_TLS_0h_no4sU	Second	G	C	263017824	137697
Exonic	107317A_TLS_0h_no4sU	Second	G	T	263017824	185433
Exonic	107317A_TLS_0h_no4sU	Second	T	A	227013532	446162
Exonic	107317A_TLS_0h_no4sU	Second	T	C	227013532	111627
Exonic	107317A_TLS_0h_no4sU	Second	T	G	227013532	182789
Exonic	107319A_TLS_1h	First	A	C	199632011	45981
Exonic	107319A_TLS_1h	First	A	G	199632011	376123
Exonic	107319A_TLS_1h	First	A	T	199632011	25891
Exonic	107319A_TLS_1h	First	C	A	209772900	121504
Exonic	107319A_TLS_1h	First	C	G	209772900	44805
Exonic	107319A_TLS_1h	First	C	T	209772900	67244
Exonic	107319A_TLS_1h	First	G	A	216604469	108185
Exonic	107319A_TLS_1h	First	G	C	216604469	56027
Exonic	107319A_TLS_1h	First	G	T	216604469	73524
Exonic	107319A_TLS_1h	First	T	A	209799373	114107
Exonic	107319A_TLS_1h	First	T	C	209799373	93836
Exonic	107319A_TLS_1h	First	T	G	209799373	47181
Exonic	107319A_TLS_1h	Second	A	C	206850573	221344
Exonic	107319A_TLS_1h	Second	A	G	206850573	101004
Exonic	107319A_TLS_1h	Second	A	T	206850573	36865
Exonic	107319A_TLS_1h	Second	C	A	222961406	247167
Exonic	107319A_TLS_1h	Second	C	G	222961406	41603
Exonic	107319A_TLS_1h	Second	C	T	222961406	105911
Exonic	107319A_TLS_1h	Second	G	A	219701515	129046
Exonic	107319A_TLS_1h	Second	G	C	219701515	109586
Exonic	107319A_TLS_1h	Second	G	T	219701515	150992
Exonic	107319A_TLS_1h	Second	T	A	195857914	346844
Exonic	107319A_TLS_1h	Second	T	C	195857914	350796
Exonic	107319A_TLS_1h	Second	T	G	195857914	140054
Exonic	107321A_TLS_2h	First	A	C	255550422	62431
Exonic	107321A_TLS_2h	First	A	G	255550422	1579341
Exonic	107321A_TLS_2h	First	A	T	255550422	33486
Exonic	107321A_TLS_2h	First	C	A	271152680	161497
Exonic	107321A_TLS_2h	First	C	G	271152680	59881
Exonic	107321A_TLS_2h	First	C	T	271152680	88100
Exonic	107321A_TLS_2h	First	G	A	276713254	137758
Exonic	107321A_TLS_2h	First	G	C	276713254	69301
Exonic	107321A_TLS_2h	First	G	T	276713254	90017
Exonic	107321A_TLS_2h	First	T	A	273368397	140757
Exonic	107321A_TLS_2h	First	T	C	273368397	118225
Exonic	107321A_TLS_2h	First	T	G	273368397	68129
Exonic	107321A_TLS_2h	Second	A	C	267859266	183891
Exonic	107321A_TLS_2h	Second	A	G	267859266	120742
Exonic	107321A_TLS_2h	Second	A	T	267859266	33252
Exonic	107321A_TLS_2h	Second	C	A	284448791	227793
Exonic	107321A_TLS_2h	Second	C	G	284448791	43086
Exonic	107321A_TLS_2h	Second	C	T	284448791	136841
Exonic	107321A_TLS_2h	Second	G	A	283366255	146628
Exonic	107321A_TLS_2h	Second	G	C	283366255	121022
Exonic	107321A_TLS_2h	Second	G	T	283366255	167283
Exonic	107321A_TLS_2h	Second	T	A	251222831	350943
Exonic	107321A_TLS_2h	Second	T	C	251222831	1504110
Exonic	107321A_TLS_2h	Second	T	G	251222831	106300
Exonic	107323A_TLS_4h	First	A	C	220042279	53042
Exonic	107323A_TLS_4h	First	A	G	220042279	2647126
Exonic	107323A_TLS_4h	First	A	T	220042279	29405
Exonic	107323A_TLS_4h	First	C	A	235605349	132836
Exonic	107323A_TLS_4h	First	C	G	235605349	51760
Exonic	107323A_TLS_4h	First	C	T	235605349	77004
Exonic	107323A_TLS_4h	First	G	A	240744468	117186
Exonic	107323A_TLS_4h	First	G	C	240744468	57181
Exonic	107323A_TLS_4h	First	G	T	240744468	71479
Exonic	107323A_TLS_4h	First	T	A	235724041	111600
Exonic	107323A_TLS_4h	First	T	C	235724041	102234
Exonic	107323A_TLS_4h	First	T	G	235724041	57384
Exonic	107323A_TLS_4h	Second	A	C	231149357	182631
Exonic	107323A_TLS_4h	Second	A	G	231149357	104763
Exonic	107323A_TLS_4h	Second	A	T	231149357	30578
Exonic	107323A_TLS_4h	Second	C	A	247307566	186322
Exonic	107323A_TLS_4h	Second	C	G	247307566	37747
Exonic	107323A_TLS_4h	Second	C	T	247307566	115054
Exonic	107323A_TLS_4h	Second	G	A	245864129	117018
Exonic	107323A_TLS_4h	Second	G	C	245864129	98338
Exonic	107323A_TLS_4h	Second	G	T	245864129	138972
Exonic	107323A_TLS_4h	Second	T	A	216072361	281642
Exonic	107323A_TLS_4h	Second	T	C	216072361	2527178
Exonic	107323A_TLS_4h	Second	T	G	216072361	102186
Exonic	107325A_TLS_8h	First	A	C	213636770	53321
Exonic	107325A_TLS_8h	First	A	G	213636770	3951200
Exonic	107325A_TLS_8h	First	A	T	213636770	28524
Exonic	107325A_TLS_8h	First	C	A	233695280	141599
Exonic	107325A_TLS_8h	First	C	G	233695280	52633
Exonic	107325A_TLS_8h	First	C	T	233695280	72107
Exonic	107325A_TLS_8h	First	G	A	239992319	116586
Exonic	107325A_TLS_8h	First	G	C	239992319	60805
Exonic	107325A_TLS_8h	First	G	T	239992319	74850
Exonic	107325A_TLS_8h	First	T	A	228288384	117387
Exonic	107325A_TLS_8h	First	T	C	228288384	100189
Exonic	107325A_TLS_8h	First	T	G	228288384	58843
Exonic	107325A_TLS_8h	Second	A	C	224597165	190094
Exonic	107325A_TLS_8h	Second	A	G	224597165	103459
Exonic	107325A_TLS_8h	Second	A	T	224597165	31148
Exonic	107325A_TLS_8h	Second	C	A	246657580	227654
Exonic	107325A_TLS_8h	Second	C	G	246657580	40769
Exonic	107325A_TLS_8h	Second	C	T	246657580	115843
Exonic	107325A_TLS_8h	Second	G	A	243541690	134625
Exonic	107325A_TLS_8h	Second	G	C	243541690	115852
Exonic	107325A_TLS_8h	Second	G	T	243541690	161349
Exonic	107325A_TLS_8h	Second	T	A	209153422	345888
Exonic	107325A_TLS_8h	Second	T	C	209153422	3774417
Exonic	107325A_TLS_8h	Second	T	G	209153422	111011
Exonic	107347B_TLS_0h_no4sU	First	A	C	238514504	57988
Exonic	107347B_TLS_0h_no4sU	First	A	G	238514504	136289
Exonic	107347B_TLS_0h_no4sU	First	A	T	238514504	29820
Exonic	107347B_TLS_0h_no4sU	First	C	A	254068851	143716
Exonic	107347B_TLS_0h_no4sU	First	C	G	254068851	53650
Exonic	107347B_TLS_0h_no4sU	First	C	T	254068851	81238
Exonic	107347B_TLS_0h_no4sU	First	G	A	260870018	127707
Exonic	107347B_TLS_0h_no4sU	First	G	C	260870018	66447
Exonic	107347B_TLS_0h_no4sU	First	G	T	260870018	83938
Exonic	107347B_TLS_0h_no4sU	First	T	A	250869587	134915
Exonic	107347B_TLS_0h_no4sU	First	T	C	250869587	112543
Exonic	107347B_TLS_0h_no4sU	First	T	G	250869587	60125
Exonic	107347B_TLS_0h_no4sU	Second	A	C	247661383	253511
Exonic	107347B_TLS_0h_no4sU	Second	A	G	247661383	118568
Exonic	107347B_TLS_0h_no4sU	Second	A	T	247661383	36739
Exonic	107347B_TLS_0h_no4sU	Second	C	A	268481860	271710
Exonic	107347B_TLS_0h_no4sU	Second	C	G	268481860	45805
Exonic	107347B_TLS_0h_no4sU	Second	C	T	268481860	124479
Exonic	107347B_TLS_0h_no4sU	Second	G	A	265158192	155799
Exonic	107347B_TLS_0h_no4sU	Second	G	C	265158192	128308
Exonic	107347B_TLS_0h_no4sU	Second	G	T	265158192	173050
Exonic	107347B_TLS_0h_no4sU	Second	T	A	233706278	418222
Exonic	107347B_TLS_0h_no4sU	Second	T	C	233706278	116098
Exonic	107347B_TLS_0h_no4sU	Second	T	G	233706278	147908
Exonic	107349B_TLS_1h	First	A	C	209420230	53203
Exonic	107349B_TLS_1h	First	A	G	209420230	471805
Exonic	107349B_TLS_1h	First	A	T	209420230	26740
Exonic	107349B_TLS_1h	First	C	A	219986790	131028
Exonic	107349B_TLS_1h	First	C	G	219986790	47483
Exonic	107349B_TLS_1h	First	C	T	219986790	69245
Exonic	107349B_TLS_1h	First	G	A	224942018	109512
Exonic	107349B_TLS_1h	First	G	C	224942018	57447
Exonic	107349B_TLS_1h	First	G	T	224942018	76767
Exonic	107349B_TLS_1h	First	T	A	222918422	121294
Exonic	107349B_TLS_1h	First	T	C	222918422	96090
Exonic	107349B_TLS_1h	First	T	G	222918422	58743
Exonic	107349B_TLS_1h	Second	A	C	219165935	170711
Exonic	107349B_TLS_1h	Second	A	G	219165935	100021
Exonic	107349B_TLS_1h	Second	A	T	219165935	30016
Exonic	107349B_TLS_1h	Second	C	A	231602764	219854
Exonic	107349B_TLS_1h	Second	C	G	231602764	37639
Exonic	107349B_TLS_1h	Second	C	T	231602764	106745
Exonic	107349B_TLS_1h	Second	G	A	229551600	127731
Exonic	107349B_TLS_1h	Second	G	C	229551600	102802
Exonic	107349B_TLS_1h	Second	G	T	229551600	144918
Exonic	107349B_TLS_1h	Second	T	A	205708612	320484
Exonic	107349B_TLS_1h	Second	T	C	205708612	438103
Exonic	107349B_TLS_1h	Second	T	G	205708612	101828
Exonic	107351B_TLS_2h	First	A	C	254684829	60780
Exonic	107351B_TLS_2h	First	A	G	254684829	1747391
Exonic	107351B_TLS_2h	First	A	T	254684829	32321
Exonic	107351B_TLS_2h	First	C	A	272246974	153194
Exonic	107351B_TLS_2h	First	C	G	272246974	58122
Exonic	107351B_TLS_2h	First	C	T	272246974	84395
Exonic	107351B_TLS_2h	First	G	A	277364191	134490
Exonic	107351B_TLS_2h	First	G	C	277364191	68540
Exonic	107351B_TLS_2h	First	G	T	277364191	88950
Exonic	107351B_TLS_2h	First	T	A	272028396	141949
Exonic	107351B_TLS_2h	First	T	C	272028396	119109
Exonic	107351B_TLS_2h	First	T	G	272028396	64589
Exonic	107351B_TLS_2h	Second	A	C	267193683	200777
Exonic	107351B_TLS_2h	Second	A	G	267193683	123800
Exonic	107351B_TLS_2h	Second	A	T	267193683	35950
Exonic	107351B_TLS_2h	Second	C	A	285508064	266020
Exonic	107351B_TLS_2h	Second	C	G	285508064	45329
Exonic	107351B_TLS_2h	Second	C	T	285508064	132342
Exonic	107351B_TLS_2h	Second	G	A	283734034	156506
Exonic	107351B_TLS_2h	Second	G	C	283734034	123395
Exonic	107351B_TLS_2h	Second	G	T	283734034	172303
Exonic	107351B_TLS_2h	Second	T	A	249623532	389649
Exonic	107351B_TLS_2h	Second	T	C	249623532	1656364
Exonic	107351B_TLS_2h	Second	T	G	249623532	122857
Exonic	107353B_TLS_4h	First	A	C	251717064	59284
Exonic	107353B_TLS_4h	First	A	G	251717064	3977781
Exonic	107353B_TLS_4h	First	A	T	251717064	32758
Exonic	107353B_TLS_4h	First	C	A	267121147	148536
Exonic	107353B_TLS_4h	First	C	G	267121147	59192
Exonic	107353B_TLS_4h	First	C	T	267121147	85425
Exonic	107353B_TLS_4h	First	G	A	272133074	133407
Exonic	107353B_TLS_4h	First	G	C	272133074	64045
Exonic	107353B_TLS_4h	First	G	T	272133074	80730
Exonic	107353B_TLS_4h	First	T	A	270338254	125572
Exonic	107353B_TLS_4h	First	T	C	270338254	116925
Exonic	107353B_TLS_4h	First	T	G	270338254	63349
Exonic	107353B_TLS_4h	Second	A	C	264609401	275619
Exonic	107353B_TLS_4h	Second	A	G	264609401	121945
Exonic	107353B_TLS_4h	Second	A	T	264609401	43697
Exonic	107353B_TLS_4h	Second	C	A	280235094	243216
Exonic	107353B_TLS_4h	Second	C	G	280235094	46102
Exonic	107353B_TLS_4h	Second	C	T	280235094	131131
Exonic	107353B_TLS_4h	Second	G	A	279271889	134866
Exonic	107353B_TLS_4h	Second	G	C	279271889	117314
Exonic	107353B_TLS_4h	Second	G	T	279271889	171273
Exonic	107353B_TLS_4h	Second	T	A	247911089	345007
Exonic	107353B_TLS_4h	Second	T	C	247911089	3804918
Exonic	107353B_TLS_4h	Second	T	G	247911089	151891
Exonic	107355B_TLS_8h	First	A	C	225211481	56210
Exonic	107355B_TLS_8h	First	A	G	225211481	4913911
Exonic	107355B_TLS_8h	First	A	T	225211481	30626
Exonic	107355B_TLS_8h	First	C	A	239149494	142831
Exonic	107355B_TLS_8h	First	C	G	239149494	53882
Exonic	107355B_TLS_8h	First	C	T	239149494	75267
Exonic	107355B_TLS_8h	First	G	A	245720092	118007
Exonic	107355B_TLS_8h	First	G	C	245720092	59662
Exonic	107355B_TLS_8h	First	G	T	245720092	79001
Exonic	107355B_TLS_8h	First	T	A	237349544	121991
Exonic	107355B_TLS_8h	First	T	C	237349544	103752
Exonic	107355B_TLS_8h	First	T	G	237349544	56442
Exonic	107355B_TLS_8h	Second	A	C	233794643	167037
Exonic	107355B_TLS_8h	Second	A	G	233794643	107705
Exonic	107355B_TLS_8h	Second	A	T	233794643	31610
Exonic	107355B_TLS_8h	Second	C	A	251989415	236834
Exonic	107355B_TLS_8h	Second	C	G	251989415	38389
Exonic	107355B_TLS_8h	Second	C	T	251989415	114924
Exonic	107355B_TLS_8h	Second	G	A	249206588	138055
Exonic	107355B_TLS_8h	Second	G	C	249206588	106625
Exonic	107355B_TLS_8h	Second	G	T	249206588	165239
Exonic	107355B_TLS_8h	Second	T	A	219727075	336572
Exonic	107355B_TLS_8h	Second	T	C	219727075	4674739
Exonic	107355B_TLS_8h	Second	T	G	219727075	95624
ExonicAntisense	107317A_TLS_0h_no4sU	First	A	C	231243626	56735
ExonicAntisense	107317A_TLS_0h_no4sU	First	A	G	231243626	130410
ExonicAntisense	107317A_TLS_0h_no4sU	First	A	T	231243626	29364
ExonicAntisense	107317A_TLS_0h_no4sU	First	C	A	252433402	147241
ExonicAntisense	107317A_TLS_0h_no4sU	First	C	G	252433402	54245
ExonicAntisense	107317A_TLS_0h_no4sU	First	C	T	252433402	77815
ExonicAntisense	107317A_TLS_0h_no4sU	First	G	A	259822184	126890
ExonicAntisense	107317A_TLS_0h_no4sU	First	G	C	259822184	67919
ExonicAntisense	107317A_TLS_0h_no4sU	First	G	T	259822184	86127
ExonicAntisense	107317A_TLS_0h_no4sU	First	T	A	245760417	135819
ExonicAntisense	107317A_TLS_0h_no4sU	First	T	C	245760417	107740
ExonicAntisense	107317A_TLS_0h_no4sU	First	T	G	245760417	62513
ExonicAntisense	107317A_TLS_0h_no4sU	Second	A	C	242010213	278506
ExonicAntisense	107317A_TLS_0h_no4sU	Second	A	G	242010213	116660
ExonicAntisense	107317A_TLS_0h_no4sU	Second	A	T	242010213	42214
ExonicAntisense	107317A_TLS_0h_no4sU	Second	C	A	267128493	313690
ExonicAntisense	107317A_TLS_0h_no4sU	Second	C	G	267128493	52515
ExonicAntisense	107317A_TLS_0h_no4sU	Second	C	T	267128493	124380
ExonicAntisense	107317A_TLS_0h_no4sU	Second	G	A	263017824	162427
ExonicAntisense	107317A_TLS_0h_no4sU	Second	G	C	263017824	137697
ExonicAntisense	107317A_TLS_0h_no4sU	Second	G	T	263017824	185433
ExonicAntisense	107317A_TLS_0h_no4sU	Second	T	A	227013532	446162
ExonicAntisense	107317A_TLS_0h_no4sU	Second	T	C	227013532	111627
ExonicAntisense	107317A_TLS_0h_no4sU	Second	T	G	227013532	182789
ExonicAntisense	107319A_TLS_1h	First	A	C	199632011	45981
ExonicAntisense	107319A_TLS_1h	First	A	G	199632011	376123
ExonicAntisense	107319A_TLS_1h	First	A	T	199632011	25891
ExonicAntisense	107319A_TLS_1h	First	C	A	209772900	121504
ExonicAntisense	107319A_TLS_1h	First	C	G	209772900	44805
ExonicAntisense	107319A_TLS_1h	First	C	T	209772900	67244
ExonicAntisense	107319A_TLS_1h	First	G	A	216604469	108185
ExonicAntisense	107319A_TLS_1h	First	G	C	216604469	56027
ExonicAntisense	107319A_TLS_1h	First	G	T	216604469	73524
ExonicAntisense	107319A_TLS_1h	First	T	A	209799373	114107
ExonicAntisense	107319A_TLS_1h	First	T	C	209799373	93836
ExonicAntisense	107319A_TLS_1h	First	T	G	209799373	47181
ExonicAntisense	107319A_TLS_1h	Second	A	C	206850573	221344
ExonicAntisense	107319A_TLS_1h	Second	A	G	206850573	101004
ExonicAntisense	107319A_TLS_1h	Second	A	T	206850573	36865
ExonicAntisense	107319A_TLS_1h	Second	C	A	222961406	247167
ExonicAntisense	107319A_TLS_1h	Second	C	G	222961406	41603
ExonicAntisense	107319A_TLS_1h	Second	C	T	222961406	105911
ExonicAntisense	107319A_TLS_1h	Second	G	A	219701515	129046
ExonicAntisense	107319A_TLS_1h	Second	G	C	219701515	109586
ExonicAntisense	107319A_TLS_1h	Second	G	T	219701515	150992
ExonicAntisense	107319A_TLS_1h	Second	T	A	195857914	346844
ExonicAntisense	107319A_TLS_1h	Second	T	C	195857914	350796
ExonicAntisense	107319A_TLS_1h	Second	T	G	195857914	140054
ExonicAntisense	107321A_TLS_2h	First	A	C	255550422	62431
ExonicAntisense	107321A_TLS_2h	First	A	G	255550422	1579341
ExonicAntisense	107321A_TLS_2h	First	A	T	255550422	33486
ExonicAntisense	107321A_TLS_2h	First	C	A	271152680	161497
ExonicAntisense	107321A_TLS_2h	First	C	G	271152680	59881
ExonicAntisense	107321A_TLS_2h	First	C	T	271152680	88100
ExonicAntisense	107321A_TLS_2h	First	G	A	276713254	137758
ExonicAntisense	107321A_TLS_2h	First	G	C	276713254	69301
ExonicAntisense	107321A_TLS_2h	First	G	T	276713254	90017
ExonicAntisense	107321A_TLS_2h	First	T	A	273368397	140757
ExonicAntisense	107321A_TLS_2h	First	T	C	273368397	118225
ExonicAntisense	107321A_TLS_2h	First	T	G	273368397	68129
ExonicAntisense	107321A_TLS_2h	Second	A	C	267859266	183891
ExonicAntisense	107321A_TLS_2h	Second	A	G	267859266	120742
ExonicAntisense	107321A_TLS_2h	Second	A	T	267859266	33252
ExonicAntisense	107321A_TLS_2h	Second	C	A	284448791	227793
ExonicAntisense	107321A_TLS_2h	Second	C	G	284448791	43086
ExonicAntisense	107321A_TLS_2h	Second	C	T	284448791	136841
ExonicAntisense	107321A_TLS_2h	Second	G	A	283366255	146628
ExonicAntisense	107321A_TLS_2h	Second	G	C	283366255	121022
ExonicAntisense	107321A_TLS_2h	Second	G	T	283366255	167283
ExonicAntisense	107321A_TLS_2h	Second	T	A	251222831	350943
ExonicAntisense	107321A_TLS_2h	Second	T	C	251222831	1504110
ExonicAntisense	107321A_TLS_2h	Second	T	G	251222831	106300
ExonicAntisense	107323A_TLS_4h	First	A	C	220042279	53042
ExonicAntisense	107323A_TLS_4h	First	A	G	220042279	2647126
ExonicAntisense	107323A_TLS_4h	First	A	T	220042279	29405
ExonicAntisense	107323A_TLS_4h	First	C	A	235605349	132836
ExonicAntisense	107323A_TLS_4h	First	C	G	235605349	51760
ExonicAntisense	107323A_TLS_4h	First	C	T	235605349	77004
ExonicAntisense	107323A_TLS_4h	First	G	A	240744468	117186
ExonicAntisense	107323A_TLS_4h	First	G	C	240744468	57181
ExonicAntisense	107323A_TLS_4h	First	G	T	240744468	71479
ExonicAntisense	107323A_TLS_4h	First	T	A	235724041	111600
ExonicAntisense	107323A_TLS_4h	First	T	C	235724041	102234
ExonicAntisense	107323A_TLS_4h	First	T	G	235724041	57384
ExonicAntisense	107323A_TLS_4h	Second	A	C	231149357	182631
ExonicAntisense	107323A_TLS_4h	Second	A	G	231149357	104763
ExonicAntisense	107323A_TLS_4h	Second	A	T	231149357	30578
ExonicAntisense	107323A_TLS_4h	Second	C	A	247307566	186322
ExonicAntisense	107323A_TLS_4h	Second	C	G	247307566	37747
ExonicAntisense	107323A_TLS_4h	Second	C	T	247307566	115054
ExonicAntisense	107323A_TLS_4h	Second	G	A	245864129	117018
ExonicAntisense	107323A_TLS_4h	Second	G	C	245864129	98338
ExonicAntisense	107323A_TLS_4h	Second	G	T	245864129	138972
ExonicAntisense	107323A_TLS_4h	Second	T	A	216072361	281642
ExonicAntisense	107323A_TLS_4h	Second	T	C	216072361	2527178
ExonicAntisense	107323A_TLS_4h	Second	T	G	216072361	102186
ExonicAntisense	107325A_TLS_8h	First	A	C	213636770	53321
ExonicAntisense	107325A_TLS_8h	First	A	G	213636770	3951200
ExonicAntisense	107325A_TLS_8h	First	A	T	213636770	28524
ExonicAntisense	107325A_TLS_8h	First	C	A	233695280	141599
ExonicAntisense	107325A_TLS_8h	First	C	G	233695280	52633
ExonicAntisense	107325A_TLS_8h	First	C	T	233695280	72107
ExonicAntisense	107325A_TLS_8h	First	G	A	239992319	116586
ExonicAntisense	107325A_TLS_8h	First	G	C	239992319	60805
ExonicAntisense	107325A_TLS_8h	First	G	T	239992319	74850
ExonicAntisense	107325A_TLS_8h	First	T	A	228288384	117387
ExonicAntisense	107325A_TLS_8h	First	T	C	228288384	100189
ExonicAntisense	107325A_TLS_8h	First	T	G	228288384	58843
ExonicAntisense	107325A_TLS_8h	Second	A	C	224597165	190094
ExonicAntisense	107325A_TLS_8h	Second	A	G	224597165	103459
ExonicAntisense	107325A_TLS_8h	Second	A	T	224597165	31148
ExonicAntisense	107325A_TLS_8h	Second	C	A	246657580	227654
ExonicAntisense	107325A_TLS_8h	Second	C	G	246657580	40769
ExonicAntisense	107325A_TLS_8h	Second	C	T	246657580	115843
ExonicAntisense	107325A_TLS_8h	Second	G	A	243541690	134625
ExonicAntisense	107325A_TLS_8h	Second	G	C	243541690	115852
ExonicAntisense	107325A_TLS_8h	Second	G	T	243541690	161349
ExonicAntisense	107325A_TLS_8h	Second	T	A	209153422	345888
ExonicAntisense	107325A_TLS_8h	Second	T	C	209153422	3774417
ExonicAntisense	107325A_TLS_8h	Second	T	G	209153422	111011
ExonicAntisense	107347B_TLS_0h_no4sU	First	A	C	238514504	57988
ExonicAntisense	107347B_TLS_0h_no4sU	First	A	G	238514504	136289
ExonicAntisense	107347B_TLS_0h_no4sU	First	A	T	238514504	29820
ExonicAntisense	107347B_TLS_0h_no4sU	First	C	A	254068851	143716
ExonicAntisense	107347B_TLS_0h_no4sU	First	C	G	254068851	53650
ExonicAntisense	107347B_TLS_0h_no4sU	First	C	T	254068851	81238
ExonicAntisense	107347B_TLS_0h_no4sU	First	G	A	260870018	127707
ExonicAntisense	107347B_TLS_0h_no4sU	First	G	C	260870018	66447
ExonicAntisense	107347B_TLS_0h_no4sU	First	G	T	260870018	83938
ExonicAntisense	107347B_TLS_0h_no4sU	First	T	A	250869587	134915
ExonicAntisense	107347B_TLS_0h_no4sU	First	T	C	250869587	112543
ExonicAntisense	107347B_TLS_0h_no4sU	First	T	G	250869587	60125
ExonicAntisense	107347B_TLS_0h_no4sU	Second	A	C	247661383	253511
ExonicAntisense	107347B_TLS_0h_no4sU	Second	A	G	247661383	118568
ExonicAntisense	107347B_TLS_0h_no4sU	Second	A	T	247661383	36739
ExonicAntisense	107347B_TLS_0h_no4sU	Second	C	A	268481860	271710
ExonicAntisense	107347B_TLS_0h_no4sU	Second	C	G	268481860	45805
ExonicAntisense	107347B_TLS_0h_no4sU	Second	C	T	268481860	124479
ExonicAntisense	107347B_TLS_0h_no4sU	Second	G	A	265158192	155799
ExonicAntisense	107347B_TLS_0h_no4sU	Second	G	C	265158192	128308
ExonicAntisense	107347B_TLS_0h_no4sU	Second	G	T	265158192	173050
ExonicAntisense	107347B_TLS_0h_no4sU	Second	T	A	233706278	418222
ExonicAntisense	107347B_TLS_0h_no4sU	Second	T	C	233706278	116098
ExonicAntisense	107347B_TLS_0h_no4sU	Second	T	G	233706278	147908
ExonicAntisense	107349B_TLS_1h	First	A	C	209420230	53203
ExonicAntisense	107349B_TLS_1h	First	A	G	209420230	471805
ExonicAntisense	107349B_TLS_1h	First	A	T	209420230	26740
ExonicAntisense	107349B_TLS_1h	First	C	A	219986790	131028
ExonicAntisense	107349B_TLS_1h	First	C	G	219986790	47483
ExonicAntisense	107349B_TLS_1h	First	C	T	219986790	69245
ExonicAntisense	107349B_TLS_1h	First	G	A	224942018	109512
ExonicAntisense	107349B_TLS_1h	First	G	C	224942018	57447
ExonicAntisense	107349B_TLS_1h	First	G	T	224942018	76767
ExonicAntisense	107349B_TLS_1h	First	T	A	222918422	121294
ExonicAntisense	107349B_TLS_1h	First	T	C	222918422	96090
ExonicAntisense	107349B_TLS_1h	First	T	G	222918422	58743
ExonicAntisense	107349B_TLS_1h	Second	A	C	219165935	170711
ExonicAntisense	107349B_TLS_1h	Second	A	G	219165935	100021
ExonicAntisense	107349B_TLS_1h	Second	A	T	219165935	30016
ExonicAntisense	107349B_TLS_1h	Second	C	A	231602764	219854
ExonicAntisense	107349B_TLS_1h	Second	C	G	231602764	37639
ExonicAntisense	107349B_TLS_1h	Second	C	T	231602764	106745
ExonicAntisense	107349B_TLS_1h	Second	G	A	229551600	127731
ExonicAntisense	107349B_TLS_1h	Second	G	C	229551600	102802
ExonicAntisense	107349B_TLS_1h	Second	G	T	229551600	144918
ExonicAntisense	107349B_TLS_1h	Second	T	A	205708612	320484
ExonicAntisense	107349B_TLS_1h	Second	T	C	205708612	438103
ExonicAntisense	107349B_TLS_1h	Second	T	G	205708612	101828
ExonicAntisense	107351B_TLS_2h	First	A	C	254684829	60780
ExonicAntisense	107351B_TLS_2h	First	A	G	254684829	1747391
ExonicAntisense	107351B_TLS_2h	First	A	T	254684829	32321
ExonicAntisense	107351B_TLS_2h	First	C	A	272246974	153194
ExonicAntisense	107351B_TLS_2h	First	C	G	272246974	58122
ExonicAntisense	107351B_TLS_2h	First	C	T	272246974	84395
ExonicAntisense	107351B_TLS_2h	First	G	A	277364191	134490
ExonicAntisense	107351B_TLS_2h	First	G	C	277364191	68540
ExonicAntisense	107351B_TLS_2h	First	G	T	277364191	88950
ExonicAntisense	107351B_TLS_2h	First	T	A	272028396	141949
ExonicAntisense	107351B_TLS_2h	First	T	C	272028396	119109
ExonicAntisense	107351B_TLS_2h	First	T	G	272028396	64589
ExonicAntisense	107351B_TLS_2h	Second	A	C	267193683	200777
ExonicAntisense	107351B_TLS_2h	Second	A	G	267193683	123800
ExonicAntisense	107351B_TLS_2h	Second	A	T	267193683	35950
ExonicAntisense	107351B_TLS_2h	Second	C	A	285508064	266020
ExonicAntisense	107351B_TLS_2h	Second	C	G	285508064	45329
ExonicAntisense	107351B_TLS_2h	Second	C	T	285508064	132342
ExonicAntisense	107351B_TLS_2h	Second	G	A	283734034	156506
ExonicAntisense	107351B_TLS_2h	Second	G	C	283734034	123395
ExonicAntisense	107351B_TLS_2h	Second	G	T	283734034	172303
ExonicAntisense	107351B_TLS_2h	Second	T	A	249623532	389649
ExonicAntisense	107351B_TLS_2h	Second	T	C	249623532	1656364
ExonicAntisense	107351B_TLS_2h	Second	T	G	249623532	122857
ExonicAntisense	107353B_TLS_4h	First	A	C	251717064	59284
ExonicAntisense	107353B_TLS_4h	First	A	G	251717064	3977781
ExonicAntisense	107353B_TLS_4h	First	A	T	251717064	32758
ExonicAntisense	107353B_TLS_4h	First	C	A	267121147	148536
ExonicAntisense	107353B_TLS_4h	First	C	G	267121147	59192
ExonicAntisense	107353B_TLS_4h	First	C	T	267121147	85425
ExonicAntisense	107353B_TLS_4h	First	G	A	272133074	133407
ExonicAntisense	107353B_TLS_4h	First	G	C	272133074	64045
ExonicAntisense	107353B_TLS_4h	First	G	T	272133074	80730
ExonicAntisense	107353B_TLS_4h	First	T	A	270338254	125572
ExonicAntisense	107353B_TLS_4h	First	T	C	270338254	116925
ExonicAntisense	107353B_TLS_4h	First	T	G	270338254	63349
ExonicAntisense	107353B_TLS_4h	Second	A	C	264609401	275619
ExonicAntisense	107353B_TLS_4h	Second	A	G	264609401	121945
ExonicAntisense	107353B_TLS_4h	Second	A	T	264609401	43697
ExonicAntisense	107353B_TLS_4h	Second	C	A	280235094	243216
ExonicAntisense	107353B_TLS_4h	Second	C	G	280235094	46102
ExonicAntisense	107353B_TLS_4h	Second	C	T	280235094	131131
ExonicAntisense	107353B_TLS_4h	Second	G	A	279271889	134866
ExonicAntisense	107353B_TLS_4h	Second	G	C	279271889	117314
ExonicAntisense	107353B_TLS_4h	Second	G	T	279271889	171273
ExonicAntisense	107353B_TLS_4h	Second	T	A	247911089	345007
ExonicAntisense	107353B_TLS_4h	Second	T	C	247911089	3804918
ExonicAntisense	107353B_TLS_4h	Second	T	G	247911089	151891
ExonicAntisense	107355B_TLS_8h	First	A	C	225211481	56210
ExonicAntisense	107355B_TLS_8h	First	A	G	225211481	4913911
ExonicAntisense	107355B_TLS_8h	First	A	T	225211481	30626
ExonicAntisense	107355B_TLS_8h	First	C	A	239149494	142831
ExonicAntisense	107355B_TLS_8h	First	C	G	239149494	53882
ExonicAntisense	107355B_TLS_8h	First	C	T	239149494	75267
ExonicAntisense	107355B_TLS_8h	First	G	A	245720092	118007
ExonicAntisense	107355B_TLS_8h	First	G	C	245720092	59662
ExonicAntisense	107355B_TLS_8h	First	G	T	245720092	79001
ExonicAntisense	107355B_TLS_8h	First	T	A	237349544	121991
ExonicAntisense	107355B_TLS_8h	First	T	C	237349544	103752
ExonicAntisense	107355B_TLS_8h	First	T	G	237349544	56442
ExonicAntisense	107355B_TLS_8h	Second	A	C	233794643	167037
ExonicAntisense	107355B_TLS_8h	Second	A	G	233794643	107705
ExonicAntisense	107355B_TLS_8h	Second	A	T	233794643	31610
ExonicAntisense	107355B_TLS_8h	Second	C	A	251989415	236834
ExonicAntisense	107355B_TLS_8h	Second	C	G	251989415	38389
ExonicAntisense	107355B_TLS_8h	Second	C	T	251989415	114924
ExonicAntisense	107355B_TLS_8h	Second	G	A	249206588	138055
ExonicAntisense	107355B_TLS_8h	Second	G	C	249206588	106625
ExonicAntisense	107355B_TLS_8h	Second	G	T	249206588	165239
ExonicAntisense	107355B_TLS_8h	Second	T	A	219727075	336572
ExonicAntisense	107355B_TLS_8h	Second	T	C	219727075	4674739
ExonicAntisense	107355B_TLS_8h	Second	T	G	219727075	95624
Intronic	107317A_TLS_0h_no4sU	First	A	C	10123609	2951
Intronic	107317A_TLS_0h_no4sU	First	A	G	10123609	6994
Intronic	107317A_TLS_0h_no4sU	First	A	T	10123609	2062
Intronic	107317A_TLS_0h_no4sU	First	C	A	9319743	6927
Intronic	107317A_TLS_0h_no4sU	First	C	G	9319743	2904
Intronic	107317A_TLS_0h_no4sU	First	C	T	9319743	5859
Intronic	107317A_TLS_0h_no4sU	First	G	A	9401577	6513
Intronic	107317A_TLS_0h_no4sU	First	G	C	9401577	3000
Intronic	107317A_TLS_0h_no4sU	First	G	T	9401577	4379
Intronic	107317A_TLS_0h_no4sU	First	T	A	9722232	6330
Intronic	107317A_TLS_0h_no4sU	First	T	C	9722232	16286
Intronic	107317A_TLS_0h_no4sU	First	T	G	9722232	3599
Intronic	107317A_TLS_0h_no4sU	Second	A	C	9882051	8979
Intronic	107317A_TLS_0h_no4sU	Second	A	G	9882051	18453
Intronic	107317A_TLS_0h_no4sU	Second	A	T	9882051	2369
Intronic	107317A_TLS_0h_no4sU	Second	C	A	9787503	12748
Intronic	107317A_TLS_0h_no4sU	Second	C	G	9787503	2647
Intronic	107317A_TLS_0h_no4sU	Second	C	T	9787503	6046
Intronic	107317A_TLS_0h_no4sU	Second	G	A	9986617	8096
Intronic	107317A_TLS_0h_no4sU	Second	G	C	9986617	4886
Intronic	107317A_TLS_0h_no4sU	Second	G	T	9986617	8604
Intronic	107317A_TLS_0h_no4sU	Second	T	A	10281329	16647
Intronic	107317A_TLS_0h_no4sU	Second	T	C	10281329	6592
Intronic	107317A_TLS_0h_no4sU	Second	T	G	10281329	7793
Intronic	107319A_TLS_1h	First	A	C	16372927	4288
Intronic	107319A_TLS_1h	First	A	G	16372927	160794
Intronic	107319A_TLS_1h	First	A	T	16372927	3437
Intronic	107319A_TLS_1h	First	C	A	13223202	10401
Intronic	107319A_TLS_1h	First	C	G	13223202	4241
Intronic	107319A_TLS_1h	First	C	T	13223202	8757
Intronic	107319A_TLS_1h	First	G	A	13093557	9731
Intronic	107319A_TLS_1h	First	G	C	13093557	4091
Intronic	107319A_TLS_1h	First	G	T	13093557	6587
Intronic	107319A_TLS_1h	First	T	A	15375683	9574
Intronic	107319A_TLS_1h	First	T	C	15375683	20894
Intronic	107319A_TLS_1h	First	T	G	15375683	4723
Intronic	107319A_TLS_1h	Second	A	C	15596318	12246
Intronic	107319A_TLS_1h	Second	A	G	15596318	23012
Intronic	107319A_TLS_1h	Second	A	T	15596318	3803
Intronic	107319A_TLS_1h	Second	C	A	13705679	16600
Intronic	107319A_TLS_1h	Second	C	G	13705679	3641
Intronic	107319A_TLS_1h	Second	C	T	13705679	9725
Intronic	107319A_TLS_1h	Second	G	A	14127598	11373
Intronic	107319A_TLS_1h	Second	G	C	14127598	6171
Intronic	107319A_TLS_1h	Second	G	T	14127598	11904
Intronic	107319A_TLS_1h	Second	T	A	16712551	21308
Intronic	107319A_TLS_1h	Second	T	C	16712551	162392
Intronic	107319A_TLS_1h	Second	T	G	16712551	10353
Intronic	107321A_TLS_2h	First	A	C	32871763	9187
Intronic	107321A_TLS_2h	First	A	G	32871763	596725
Intronic	107321A_TLS_2h	First	A	T	32871763	6898
Intronic	107321A_TLS_2h	First	C	A	25379759	20999
Intronic	107321A_TLS_2h	First	C	G	25379759	8518
Intronic	107321A_TLS_2h	First	C	T	25379759	17731
Intronic	107321A_TLS_2h	First	G	A	24718702	19573
Intronic	107321A_TLS_2h	First	G	C	24718702	7712
Intronic	107321A_TLS_2h	First	G	T	24718702	12179
Intronic	107321A_TLS_2h	First	T	A	30777557	17610
Intronic	107321A_TLS_2h	First	T	C	30777557	41733
Intronic	107321A_TLS_2h	First	T	G	30777557	9867
Intronic	107321A_TLS_2h	Second	A	C	31026243	15293
Intronic	107321A_TLS_2h	Second	A	G	31026243	44555
Intronic	107321A_TLS_2h	Second	A	T	31026243	6131
Intronic	107321A_TLS_2h	Second	C	A	25979674	22837
Intronic	107321A_TLS_2h	Second	C	G	25979674	6020
Intronic	107321A_TLS_2h	Second	C	T	25979674	19689
Intronic	107321A_TLS_2h	Second	G	A	26936406	21006
Intronic	107321A_TLS_2h	Second	G	C	26936406	10765
Intronic	107321A_TLS_2h	Second	G	T	26936406	20718
Intronic	107321A_TLS_2h	Second	T	A	33799542	31222
Intronic	107321A_TLS_2h	Second	T	C	33799542	603663
Intronic	107321A_TLS_2h	Second	T	G	33799542	12910
Intronic	107323A_TLS_4h	First	A	C	26059999	7282
Intronic	107323A_TLS_4h	First	A	G	26059999	581781
Intronic	107323A_TLS_4h	First	A	T	26059999	5590
Intronic	107323A_TLS_4h	First	C	A	20174475	16344
Intronic	107323A_TLS_4h	First	C	G	20174475	6929
Intronic	107323A_TLS_4h	First	C	T	20174475	14145
Intronic	107323A_TLS_4h	First	G	A	19670150	15310
Intronic	107323A_TLS_4h	First	G	C	19670150	6008
Intronic	107323A_TLS_4h	First	G	T	19670150	9103
Intronic	107323A_TLS_4h	First	T	A	24293950	13465
Intronic	107323A_TLS_4h	First	T	C	24293950	33702
Intronic	107323A_TLS_4h	First	T	G	24293950	7499
Intronic	107323A_TLS_4h	Second	A	C	24524669	13744
Intronic	107323A_TLS_4h	Second	A	G	24524669	35973
Intronic	107323A_TLS_4h	Second	A	T	24524669	5037
Intronic	107323A_TLS_4h	Second	C	A	20675969	17943
Intronic	107323A_TLS_4h	Second	C	G	20675969	4908
Intronic	107323A_TLS_4h	Second	C	T	20675969	15364
Intronic	107323A_TLS_4h	Second	G	A	21403437	16370
Intronic	107323A_TLS_4h	Second	G	C	21403437	8245
Intronic	107323A_TLS_4h	Second	G	T	21403437	15885
Intronic	107323A_TLS_4h	Second	T	A	26736185	24501
Intronic	107323A_TLS_4h	Second	T	C	26736185	586566
Intronic	107323A_TLS_4h	Second	T	G	26736185	11471
Intronic	107325A_TLS_8h	First	A	C	18648850	5392
Intronic	107325A_TLS_8h	First	A	G	18648850	462870
Intronic	107325A_TLS_8h	First	A	T	18648850	3931
Intronic	107325A_TLS_8h	First	C	A	15231573	12705
Intronic	107325A_TLS_8h	First	C	G	15231573	5333
Intronic	107325A_TLS_8h	First	C	T	15231573	10243
Intronic	107325A_TLS_8h	First	G	A	15015891	11377
Intronic	107325A_TLS_8h	First	G	C	15015891	4682
Intronic	107325A_TLS_8h	First	G	T	15015891	7288
Intronic	107325A_TLS_8h	First	T	A	17563982	10450
Intronic	107325A_TLS_8h	First	T	C	17563982	26670
Intronic	107325A_TLS_8h	First	T	G	17563982	6045
Intronic	107325A_TLS_8h	Second	A	C	17810653	10993
Intronic	107325A_TLS_8h	Second	A	G	17810653	28704
Intronic	107325A_TLS_8h	Second	A	T	17810653	3783
Intronic	107325A_TLS_8h	Second	C	A	15732067	16344
Intronic	107325A_TLS_8h	Second	C	G	15732067	3776
Intronic	107325A_TLS_8h	Second	C	T	15732067	11488
Intronic	107325A_TLS_8h	Second	G	A	16217381	13126
Intronic	107325A_TLS_8h	Second	G	C	16217381	7117
Intronic	107325A_TLS_8h	Second	G	T	16217381	13638
Intronic	107325A_TLS_8h	Second	T	A	19018016	21793
Intronic	107325A_TLS_8h	Second	T	C	19018016	467200
Intronic	107325A_TLS_8h	Second	T	G	19018016	8896
Intronic	107347B_TLS_0h_no4sU	First	A	C	9664296	2722
Intronic	107347B_TLS_0h_no4sU	First	A	G	9664296	7120
Intronic	107347B_TLS_0h_no4sU	First	A	T	9664296	2012
Intronic	107347B_TLS_0h_no4sU	First	C	A	8989231	6387
Intronic	107347B_TLS_0h_no4sU	First	C	G	8989231	2643
Intronic	107347B_TLS_0h_no4sU	First	C	T	8989231	5625
Intronic	107347B_TLS_0h_no4sU	First	G	A	9016417	6182
Intronic	107347B_TLS_0h_no4sU	First	G	C	9016417	2845
Intronic	107347B_TLS_0h_no4sU	First	G	T	9016417	4071
Intronic	107347B_TLS_0h_no4sU	First	T	A	9353365	5845
Intronic	107347B_TLS_0h_no4sU	First	T	C	9353365	15497
Intronic	107347B_TLS_0h_no4sU	First	T	G	9353365	3566
Intronic	107347B_TLS_0h_no4sU	Second	A	C	9522226	8535
Intronic	107347B_TLS_0h_no4sU	Second	A	G	9522226	17346
Intronic	107347B_TLS_0h_no4sU	Second	A	T	9522226	2036
Intronic	107347B_TLS_0h_no4sU	Second	C	A	9402137	10702
Intronic	107347B_TLS_0h_no4sU	Second	C	G	9402137	2407
Intronic	107347B_TLS_0h_no4sU	Second	C	T	9402137	5766
Intronic	107347B_TLS_0h_no4sU	Second	G	A	9630864	7620
Intronic	107347B_TLS_0h_no4sU	Second	G	C	9630864	4439
Intronic	107347B_TLS_0h_no4sU	Second	G	T	9630864	7716
Intronic	107347B_TLS_0h_no4sU	Second	T	A	9802575	15377
Intronic	107347B_TLS_0h_no4sU	Second	T	C	9802575	6602
Intronic	107347B_TLS_0h_no4sU	Second	T	G	9802575	6133
Intronic	107349B_TLS_1h	First	A	C	9830045	2843
Intronic	107349B_TLS_1h	First	A	G	9830045	88040
Intronic	107349B_TLS_1h	First	A	T	9830045	2049
Intronic	107349B_TLS_1h	First	C	A	8651445	6423
Intronic	107349B_TLS_1h	First	C	G	8651445	2725
Intronic	107349B_TLS_1h	First	C	T	8651445	5586
Intronic	107349B_TLS_1h	First	G	A	8624909	6029
Intronic	107349B_TLS_1h	First	G	C	8624909	2662
Intronic	107349B_TLS_1h	First	G	T	8624909	4138
Intronic	107349B_TLS_1h	First	T	A	9453657	5914
Intronic	107349B_TLS_1h	First	T	C	9453657	15132
Intronic	107349B_TLS_1h	First	T	G	9453657	3862
Intronic	107349B_TLS_1h	Second	A	C	9574294	6093
Intronic	107349B_TLS_1h	Second	A	G	9574294	16397
Intronic	107349B_TLS_1h	Second	A	T	9574294	2003
Intronic	107349B_TLS_1h	Second	C	A	9021587	9339
Intronic	107349B_TLS_1h	Second	C	G	9021587	2140
Intronic	107349B_TLS_1h	Second	C	T	9021587	5850
Intronic	107349B_TLS_1h	Second	G	A	9261871	7192
Intronic	107349B_TLS_1h	Second	G	C	9261871	3940
Intronic	107349B_TLS_1h	Second	G	T	9261871	7260
Intronic	107349B_TLS_1h	Second	T	A	10019916	12346
Intronic	107349B_TLS_1h	Second	T	C	10019916	88190
Intronic	107349B_TLS_1h	Second	T	G	10019916	4804
Intronic	107351B_TLS_2h	First	A	C	12678899	3701
Intronic	107351B_TLS_2h	First	A	G	12678899	243224
Intronic	107351B_TLS_2h	First	A	T	12678899	2749
Intronic	107351B_TLS_2h	First	C	A	11228241	8333
Intronic	107351B_TLS_2h	First	C	G	11228241	3689
Intronic	107351B_TLS_2h	First	C	T	11228241	7242
Intronic	107351B_TLS_2h	First	G	A	11131557	7702
Intronic	107351B_TLS_2h	First	G	C	11131557	3406
Intronic	107351B_TLS_2h	First	G	T	11131557	5133
Intronic	107351B_TLS_2h	First	T	A	12209111	7115
Intronic	107351B_TLS_2h	First	T	C	12209111	20160
Intronic	107351B_TLS_2h	First	T	G	12209111	4319
Intronic	107351B_TLS_2h	Second	A	C	12360536	7674
Intronic	107351B_TLS_2h	Second	A	G	12360536	21840
Intronic	107351B_TLS_2h	Second	A	T	12360536	2588
Intronic	107351B_TLS_2h	Second	C	A	11650084	11787
Intronic	107351B_TLS_2h	Second	C	G	11650084	2819
Intronic	107351B_TLS_2h	Second	C	T	11650084	7552
Intronic	107351B_TLS_2h	Second	G	A	11990685	9209
Intronic	107351B_TLS_2h	Second	G	C	11990685	5058
Intronic	107351B_TLS_2h	Second	G	T	11990685	9007
Intronic	107351B_TLS_2h	Second	T	A	12902350	15982
Intronic	107351B_TLS_2h	Second	T	C	12902350	244790
Intronic	107351B_TLS_2h	Second	T	G	12902350	6062
Intronic	107353B_TLS_4h	First	A	C	14911172	4041
Intronic	107353B_TLS_4h	First	A	G	14911172	412580
Intronic	107353B_TLS_4h	First	A	T	14911172	3245
Intronic	107353B_TLS_4h	First	C	A	12911673	9293
Intronic	107353B_TLS_4h	First	C	G	12911673	4373
Intronic	107353B_TLS_4h	First	C	T	12911673	8307
Intronic	107353B_TLS_4h	First	G	A	12702295	9104
Intronic	107353B_TLS_4h	First	G	C	12702295	3814
Intronic	107353B_TLS_4h	First	G	T	12702295	5358
Intronic	107353B_TLS_4h	First	T	A	14356824	7525
Intronic	107353B_TLS_4h	First	T	C	14356824	23271
Intronic	107353B_TLS_4h	First	T	G	14356824	4840
Intronic	107353B_TLS_4h	Second	A	C	14440246	11559
Intronic	107353B_TLS_4h	Second	A	G	14440246	25191
Intronic	107353B_TLS_4h	Second	A	T	14440246	3129
Intronic	107353B_TLS_4h	Second	C	A	13333560	12382
Intronic	107353B_TLS_4h	Second	C	G	13333560	3186
Intronic	107353B_TLS_4h	Second	C	T	13333560	9169
Intronic	107353B_TLS_4h	Second	G	A	13808465	9990
Intronic	107353B_TLS_4h	Second	G	C	13808465	5823
Intronic	107353B_TLS_4h	Second	G	T	13808465	10633
Intronic	107353B_TLS_4h	Second	T	A	15276334	17300
Intronic	107353B_TLS_4h	Second	T	C	15276334	415998
Intronic	107353B_TLS_4h	Second	T	G	15276334	8488
Intronic	107355B_TLS_8h	First	A	C	8717976	2596
Intronic	107355B_TLS_8h	First	A	G	8717976	237957
Intronic	107355B_TLS_8h	First	A	T	8717976	2036
Intronic	107355B_TLS_8h	First	C	A	7813503	6166
Intronic	107355B_TLS_8h	First	C	G	7813503	2777
Intronic	107355B_TLS_8h	First	C	T	7813503	5140
Intronic	107355B_TLS_8h	First	G	A	7855573	5448
Intronic	107355B_TLS_8h	First	G	C	7855573	2398
Intronic	107355B_TLS_8h	First	G	T	7855573	3597
Intronic	107355B_TLS_8h	First	T	A	8370188	5078
Intronic	107355B_TLS_8h	First	T	C	8370188	13819
Intronic	107355B_TLS_8h	First	T	G	8370188	3119
Intronic	107355B_TLS_8h	Second	A	C	8512027	5373
Intronic	107355B_TLS_8h	Second	A	G	8512027	15448
Intronic	107355B_TLS_8h	Second	A	T	8512027	1715
Intronic	107355B_TLS_8h	Second	C	A	8175925	8575
Intronic	107355B_TLS_8h	Second	C	G	8175925	1932
Intronic	107355B_TLS_8h	Second	C	T	8175925	5171
Intronic	107355B_TLS_8h	Second	G	A	8378021	6557
Intronic	107355B_TLS_8h	Second	G	C	8378021	3656
Intronic	107355B_TLS_8h	Second	G	T	8378021	6930
Intronic	107355B_TLS_8h	Second	T	A	8793864	11387
Intronic	107355B_TLS_8h	Second	T	C	8793864	237936
Intronic	107355B_TLS_8h	Second	T	G	8793864	3853
IntronicAntisense	107317A_TLS_0h_no4sU	First	A	C	10123609	2951
IntronicAntisense	107317A_TLS_0h_no4sU	First	A	G	10123609	6994
IntronicAntisense	107317A_TLS_0h_no4sU	First	A	T	10123609	2062
IntronicAntisense	107317A_TLS_0h_no4sU	First	C	A	9319743	6927
IntronicAntisense	107317A_TLS_0h_no4sU	First	C	G	9319743	2904
IntronicAntisense	107317A_TLS_0h_no4sU	First	C	T	9319743	5859
IntronicAntisense	107317A_TLS_0h_no4sU	First	G	A	9401577	6513
IntronicAntisense	107317A_TLS_0h_no4sU	First	G	C	9401577	3000
IntronicAntisense	107317A_TLS_0h_no4sU	First	G	T	9401577	4379
IntronicAntisense	107317A_TLS_0h_no4sU	First	T	A	9722232	6330
IntronicAntisense	107317A_TLS_0h_no4sU	First	T	C	9722232	16286
IntronicAntisense	107317A_TLS_0h_no4sU	First	T	G	9722232	3599
IntronicAntisense	107317A_TLS_0h_no4sU	Second	A	C	9882051	8979
IntronicAntisense	107317A_TLS_0h_no4sU	Second	A	G	9882051	18453
IntronicAntisense	107317A_TLS_0h_no4sU	Second	A	T	9882051	2369
IntronicAntisense	107317A_TLS_0h_no4sU	Second	C	A	9787503	12748
IntronicAntisense	107317A_TLS_0h_no4sU	Second	C	G	9787503	2647
IntronicAntisense	107317A_TLS_0h_no4sU	Second	C	T	9787503	6046
IntronicAntisense	107317A_TLS_0h_no4sU	Second	G	A	9986617	8096
IntronicAntisense	107317A_TLS_0h_no4sU	Second	G	C	9986617	4886
IntronicAntisense	107317A_TLS_0h_no4sU	Second	G	T	9986617	8604
IntronicAntisense	107317A_TLS_0h_no4sU	Second	T	A	10281329	16647
IntronicAntisense	107317A_TLS_0h_no4sU	Second	T	C	10281329	6592
IntronicAntisense	107317A_TLS_0h_no4sU	Second	T	G	10281329	7793
IntronicAntisense	107319A_TLS_1h	First	A	C	16372927	4288
IntronicAntisense	107319A_TLS_1h	First	A	G	16372927	160794
IntronicAntisense	107319A_TLS_1h	First	A	T	16372927	3437
IntronicAntisense	107319A_TLS_1h	First	C	A	13223202	10401
IntronicAntisense	107319A_TLS_1h	First	C	G	13223202	4241
IntronicAntisense	107319A_TLS_1h	First	C	T	13223202	8757
IntronicAntisense	107319A_TLS_1h	First	G	A	13093557	9731
IntronicAntisense	107319A_TLS_1h	First	G	C	13093557	4091
IntronicAntisense	107319A_TLS_1h	First	G	T	13093557	6587
IntronicAntisense	107319A_TLS_1h	First	T	A	15375683	9574
IntronicAntisense	107319A_TLS_1h	First	T	C	15375683	20894
IntronicAntisense	107319A_TLS_1h	First	T	G	15375683	4723
IntronicAntisense	107319A_TLS_1h	Second	A	C	15596318	12246
IntronicAntisense	107319A_TLS_1h	Second	A	G	15596318	23012
IntronicAntisense	107319A_TLS_1h	Second	A	T	15596318	3803
IntronicAntisense	107319A_TLS_1h	Second	C	A	13705679	16600
IntronicAntisense	107319A_TLS_1h	Second	C	G	13705679	3641
IntronicAntisense	107319A_TLS_1h	Second	C	T	13705679	9725
IntronicAntisense	107319A_TLS_1h	Second	G	A	14127598	11373
IntronicAntisense	107319A_TLS_1h	Second	G	C	14127598	6171
IntronicAntisense	107319A_TLS_1h	Second	G	T	14127598	11904
IntronicAntisense	107319A_TLS_1h	Second	T	A	16712551	21308
IntronicAntisense	107319A_TLS_1h	Second	T	C	16712551	162392
IntronicAntisense	107319A_TLS_1h	Second	T	G	16712551	10353
IntronicAntisense	107321A_TLS_2h	First	A	C	32871763	9187
IntronicAntisense	107321A_TLS_2h	First	A	G	32871763	596725
IntronicAntisense	107321A_TLS_2h	First	A	T	32871763	6898
IntronicAntisense	107321A_TLS_2h	First	C	A	25379759	20999
IntronicAntisense	107321A_TLS_2h	First	C	G	25379759	8518
IntronicAntisense	107321A_TLS_2h	First	C	T	25379759	17731
IntronicAntisense	107321A_TLS_2h	First	G	A	24718702	19573
IntronicAntisense	107321A_TLS_2h	First	G	C	24718702	7712
IntronicAntisense	107321A_TLS_2h	First	G	T	24718702	12179
IntronicAntisense	107321A_TLS_2h	First	T	A	30777557	17610
IntronicAntisense	107321A_TLS_2h	First	T	C	30777557	41733
IntronicAntisense	107321A_TLS_2h	First	T	G	30777557	9867
IntronicAntisense	107321A_TLS_2h	Second	A	C	31026243	15293
IntronicAntisense	107321A_TLS_2h	Second	A	G	31026243	44555
IntronicAntisense	107321A_TLS_2h	Second	A	T	31026243	6131
IntronicAntisense	107321A_TLS_2h	Second	C	A	25979674	22837
IntronicAntisense	107321A_TLS_2h	Second	C	G	25979674	6020
IntronicAntisense	107321A_TLS_2h	Second	C	T	25979674	19689
IntronicAntisense	107321A_TLS_2h	Second	G	A	26936406	21006
IntronicAntisense	107321A_TLS_2h	Second	G	C	26936406	10765
IntronicAntisense	107321A_TLS_2h	Second	G	T	26936406	20718
IntronicAntisense	107321A_TLS_2h	Second	T	A	33799542	31222
IntronicAntisense	107321A_TLS_2h	Second	T	C	33799542	603663
IntronicAntisense	107321A_TLS_2h	Second	T	G	33799542	12910
IntronicAntisense	107323A_TLS_4h	First	A	C	26059999	7282
IntronicAntisense	107323A_TLS_4h	First	A	G	26059999	581781
IntronicAntisense	107323A_TLS_4h	First	A	T	26059999	5590
IntronicAntisense	107323A_TLS_4h	First	C	A	20174475	16344
IntronicAntisense	107323A_TLS_4h	First	C	G	20174475	6929
IntronicAntisense	107323A_TLS_4h	First	C	T	20174475	14145
IntronicAntisense	107323A_TLS_4h	First	G	A	19670150	15310
IntronicAntisense	107323A_TLS_4h	First	G	C	19670150	6008
IntronicAntisense	107323A_TLS_4h	First	G	T	19670150	9103
IntronicAntisense	107323A_TLS_4h	First	T	A	24293950	13465
IntronicAntisense	107323A_TLS_4h	First	T	C	24293950	33702
IntronicAntisense	107323A_TLS_4h	First	T	G	24293950	7499
IntronicAntisense	107323A_TLS_4h	Second	A	C	24524669	13744
IntronicAntisense	107323A_TLS_4h	Second	A	G	24524669	35973
IntronicAntisense	107323A_TLS_4h	Second	A	T	24524669	5037
IntronicAntisense	107323A_TLS_4h	Second	C	A	20675969	17943
IntronicAntisense	107323A_TLS_4h	Second	C	G	20675969	4908
IntronicAntisense	107323A_TLS_4h	Second	C	T	20675969	15364
IntronicAntisense	107323A_TLS_4h	Second	G	A	21403437	16370
IntronicAntisense	107323A_TLS_4h	Second	G	C	21403437	8245
IntronicAntisense	107323A_TLS_4h	Second	G	T	21403437	15885
IntronicAntisense	107323A_TLS_4h	Second	T	A	26736185	24501
IntronicAntisense	107323A_TLS_4h	Second	T	C	26736185	586566
IntronicAntisense	107323A_TLS_4h	Second	T	G	26736185	11471
IntronicAntisense	107325A_TLS_8h	First	A	C	18648850	5392
IntronicAntisense	107325A_TLS_8h	First	A	G	18648850	462870
IntronicAntisense	107325A_TLS_8h	First	A	T	18648850	3931
IntronicAntisense	107325A_TLS_8h	First	C	A	15231573	12705
IntronicAntisense	107325A_TLS_8h	First	C	G	15231573	5333
IntronicAntisense	107325A_TLS_8h	First	C	T	15231573	10243
IntronicAntisense	107325A_TLS_8h	First	G	A	15015891	11377
IntronicAntisense	107325A_TLS_8h	First	G	C	15015891	4682
IntronicAntisense	107325A_TLS_8h	First	G	T	15015891	7288
IntronicAntisense	107325A_TLS_8h	First	T	A	17563982	10450
IntronicAntisense	107325A_TLS_8h	First	T	C	17563982	26670
IntronicAntisense	107325A_TLS_8h	First	T	G	17563982	6045
IntronicAntisense	107325A_TLS_8h	Second	A	C	17810653	10993
IntronicAntisense	107325A_TLS_8h	Second	A	G	17810653	28704
IntronicAntisense	107325A_TLS_8h	Second	A	T	17810653	3783
IntronicAntisense	107325A_TLS_8h	Second	C	A	15732067	16344
IntronicAntisense	107325A_TLS_8h	Second	C	G	15732067	3776
IntronicAntisense	107325A_TLS_8h	Second	C	T	15732067	11488
IntronicAntisense	107325A_TLS_8h	Second	G	A	16217381	13126
IntronicAntisense	107325A_TLS_8h	Second	G	C	16217381	7117
IntronicAntisense	107325A_TLS_8h	Second	G	T	16217381	13638
IntronicAntisense	107325A_TLS_8h	Second	T	A	19018016	21793
IntronicAntisense	107325A_TLS_8h	Second	T	C	19018016	467200
IntronicAntisense	107325A_TLS_8h	Second	T	G	19018016	8896
IntronicAntisense	107347B_TLS_0h_no4sU	First	A	C	9664296	2722
IntronicAntisense	107347B_TLS_0h_no4sU	First	A	G	9664296	7120
IntronicAntisense	107347B_TLS_0h_no4sU	First	A	T	9664296	2012
IntronicAntisense	107347B_TLS_0h_no4sU	First	C	A	8989231	6387
IntronicAntisense	107347B_TLS_0h_no4sU	First	C	G	8989231	2643
IntronicAntisense	107347B_TLS_0h_no4sU	First	C	T	8989231	5625
IntronicAntisense	107347B_TLS_0h_no4sU	First	G	A	9016417	6182
IntronicAntisense	107347B_TLS_0h_no4sU	First	G	C	9016417	2845
IntronicAntisense	107347B_TLS_0h_no4sU	First	G	T	9016417	4071
IntronicAntisense	107347B_TLS_0h_no4sU	First	T	A	9353365	5845
IntronicAntisense	107347B_TLS_0h_no4sU	First	T	C	9353365	15497
IntronicAntisense	107347B_TLS_0h_no4sU	First	T	G	9353365	3566
IntronicAntisense	107347B_TLS_0h_no4sU	Second	A	C	9522226	8535
IntronicAntisense	107347B_TLS_0h_no4sU	Second	A	G	9522226	17346
IntronicAntisense	107347B_TLS_0h_no4sU	Second	A	T	9522226	2036
IntronicAntisense	107347B_TLS_0h_no4sU	Second	C	A	9402137	10702
IntronicAntisense	107347B_TLS_0h_no4sU	Second	C	G	9402137	2407
IntronicAntisense	107347B_TLS_0h_no4sU	Second	C	T	9402137	5766
IntronicAntisense	107347B_TLS_0h_no4sU	Second	G	A	9630864	7620
IntronicAntisense	107347B_TLS_0h_no4sU	Second	G	C	9630864	4439
IntronicAntisense	107347B_TLS_0h_no4sU	Second	G	T	9630864	7716
IntronicAntisense	107347B_TLS_0h_no4sU	Second	T	A	9802575	15377
IntronicAntisense	107347B_TLS_0h_no4sU	Second	T	C	9802575	6602
IntronicAntisense	107347B_TLS_0h_no4sU	Second	T	G	9802575	6133
IntronicAntisense	107349B_TLS_1h	First	A	C	9830045	2843
IntronicAntisense	107349B_TLS_1h	First	A	G	9830045	88040
IntronicAntisense	107349B_TLS_1h	First	A	T	9830045	2049
IntronicAntisense	107349B_TLS_1h	First	C	A	8651445	6423
IntronicAntisense	107349B_TLS_1h	First	C	G	8651445	2725
IntronicAntisense	107349B_TLS_1h	First	C	T	8651445	5586
IntronicAntisense	107349B_TLS_1h	First	G	A	8624909	6029
IntronicAntisense	107349B_TLS_1h	First	G	C	8624909	2662
IntronicAntisense	107349B_TLS_1h	First	G	T	8624909	4138
IntronicAntisense	107349B_TLS_1h	First	T	A	9453657	5914
IntronicAntisense	107349B_TLS_1h	First	T	C	9453657	15132
IntronicAntisense	107349B_TLS_1h	First	T	G	9453657	3862
IntronicAntisense	107349B_TLS_1h	Second	A	C	9574294	6093
IntronicAntisense	107349B_TLS_1h	Second	A	G	9574294	16397
IntronicAntisense	107349B_TLS_1h	Second	A	T	9574294	2003
IntronicAntisense	107349B_TLS_1h	Second	C	A	9021587	9339
IntronicAntisense	107349B_TLS_1h	Second	C	G	9021587	2140
IntronicAntisense	107349B_TLS_1h	Second	C	T	9021587	5850
IntronicAntisense	107349B_TLS_1h	Second	G	A	9261871	7192
IntronicAntisense	107349B_TLS_1h	Second	G	C	9261871	3940
IntronicAntisense	107349B_TLS_1h	Second	G	T	9261871	7260
IntronicAntisense	107349B_TLS_1h	Second	T	A	10019916	12346
IntronicAntisense	107349B_TLS_1h	Second	T	C	10019916	88190
IntronicAntisense	107349B_TLS_1h	Second	T	G	10019916	4804
IntronicAntisense	107351B_TLS_2h	First	A	C	12678899	3701
IntronicAntisense	107351B_TLS_2h	First	A	G	12678899	243224
IntronicAntisense	107351B_TLS_2h	First	A	T	12678899	2749
IntronicAntisense	107351B_TLS_2h	First	C	A	11228241	8333
IntronicAntisense	107351B_TLS_2h	First	C	G	11228241	3689
IntronicAntisense	107351B_TLS_2h	First	C	T	11228241	7242
IntronicAntisense	107351B_TLS_2h	First	G	A	11131557	7702
IntronicAntisense	107351B_TLS_2h	First	G	C	11131557	3406
IntronicAntisense	107351B_TLS_2h	First	G	T	11131557	5133
IntronicAntisense	107351B_TLS_2h	First	T	A	12209111	7115
IntronicAntisense	107351B_TLS_2h	First	T	C	12209111	20160
IntronicAntisense	107351B_TLS_2h	First	T	G	12209111	4319
IntronicAntisense	107351B_TLS_2h	Second	A	C	12360536	7674
IntronicAntisense	107351B_TLS_2h	Second	A	G	12360536	21840
IntronicAntisense	107351B_TLS_2h	Second	A	T	12360536	2588
IntronicAntisense	107351B_TLS_2h	Second	C	A	11650084	11787
IntronicAntisense	107351B_TLS_2h	Second	C	G	11650084	2819
IntronicAntisense	107351B_TLS_2h	Second	C	T	11650084	7552
IntronicAntisense	107351B_TLS_2h	Second	G	A	11990685	9209
IntronicAntisense	107351B_TLS_2h	Second	G	C	11990685	5058
IntronicAntisense	107351B_TLS_2h	Second	G	T	11990685	9007
IntronicAntisense	107351B_TLS_2h	Second	T	A	12902350	15982
IntronicAntisense	107351B_TLS_2h	Second	T	C	12902350	244790
IntronicAntisense	107351B_TLS_2h	Second	T	G	12902350	6062
IntronicAntisense	107353B_TLS_4h	First	A	C	14911172	4041
IntronicAntisense	107353B_TLS_4h	First	A	G	14911172	412580
IntronicAntisense	107353B_TLS_4h	First	A	T	14911172	3245
IntronicAntisense	107353B_TLS_4h	First	C	A	12911673	9293
IntronicAntisense	107353B_TLS_4h	First	C	G	12911673	4373
IntronicAntisense	107353B_TLS_4h	First	C	T	12911673	8307
IntronicAntisense	107353B_TLS_4h	First	G	A	12702295	9104
IntronicAntisense	107353B_TLS_4h	First	G	C	12702295	3814
IntronicAntisense	107353B_TLS_4h	First	G	T	12702295	5358
IntronicAntisense	107353B_TLS_4h	First	T	A	14356824	7525
IntronicAntisense	107353B_TLS_4h	First	T	C	14356824	23271
IntronicAntisense	107353B_TLS_4h	First	T	G	14356824	4840
IntronicAntisense	107353B_TLS_4h	Second	A	C	14440246	11559
IntronicAntisense	107353B_TLS_4h	Second	A	G	14440246	25191
IntronicAntisense	107353B_TLS_4h	Second	A	T	14440246	3129
IntronicAntisense	107353B_TLS_4h	Second	C	A	13333560	12382
IntronicAntisense	107353B_TLS_4h	Second	C	G	13333560	3186
IntronicAntisense	107353B_TLS_4h	Second	C	T	13333560	9169
IntronicAntisense	107353B_TLS_4h	Second	G	A	13808465	9990
IntronicAntisense	107353B_TLS_4h	Second	G	C	13808465	5823
IntronicAntisense	107353B_TLS_4h	Second	G	T	13808465	10633
IntronicAntisense	107353B_TLS_4h	Second	T	A	15276334	17300
IntronicAntisense	107353B_TLS_4h	Second	T	C	15276334	415998
IntronicAntisense	107353B_TLS_4h	Second	T	G	15276334	8488
IntronicAntisense	107355B_TLS_8h	First	A	C	8717976	2596
IntronicAntisense	107355B_TLS_8h	First	A	G	8717976	237957
IntronicAntisense	107355B_TLS_8h	First	A	T	8717976	2036
IntronicAntisense	107355B_TLS_8h	First	C	A	7813503	6166
IntronicAntisense	107355B_TLS_8h	First	C	G	7813503	2777
IntronicAntisense	107355B_TLS_8h	First	C	T	7813503	5140
IntronicAntisense	107355B_TLS_8h	First	G	A	7855573	5448
IntronicAntisense	107355B_TLS_8h	First	G	C	7855573	2398
IntronicAntisense	107355B_TLS_8h	First	G	T	7855573	3597
IntronicAntisense	107355B_TLS_8h	First	T	A	8370188	5078
IntronicAntisense	107355B_TLS_8h	First	T	C	8370188	13819
IntronicAntisense	107355B_TLS_8h	First	T	G	8370188	3119
IntronicAntisense	107355B_TLS_8h	Second	A	C	8512027	5373
IntronicAntisense	107355B_TLS_8h	Second	A	G	8512027	15448
IntronicAntisense	107355B_TLS_8h	Second	A	T	8512027	1715
IntronicAntisense	107355B_TLS_8h	Second	C	A	8175925	8575
IntronicAntisense	107355B_TLS_8h	Second	C	G	8175925	1932
IntronicAntisense	107355B_TLS_8h	Second	C	T	8175925	5171
IntronicAntisense	107355B_TLS_8h	Second	G	A	8378021	6557
IntronicAntisense	107355B_TLS_8h	Second	G	C	8378021	3656
IntronicAntisense	107355B_TLS_8h	Second	G	T	8378021	6930
IntronicAntisense	107355B_TLS_8h	Second	T	A	8793864	11387
IntronicAntisense	107355B_TLS_8h	Second	T	C	8793864	237936
IntronicAntisense	107355B_TLS_8h	Second	T	G	8793864	3853
