Category	Condition	Genomic	Read	Coverage	Hits
Exonic	107327A_TUC_0h_no4sU	A	C	170564748	8514
Exonic	107327A_TUC_0h_no4sU	A	G	170564748	71702
Exonic	107327A_TUC_0h_no4sU	A	T	170564748	9224
Exonic	107327A_TUC_0h_no4sU	C	A	186557332	9063
Exonic	107327A_TUC_0h_no4sU	C	G	186557332	14472
Exonic	107327A_TUC_0h_no4sU	C	T	186557332	109368
Exonic	107327A_TUC_0h_no4sU	G	A	192656979	49529
Exonic	107327A_TUC_0h_no4sU	G	C	192656979	19587
Exonic	107327A_TUC_0h_no4sU	G	T	192656979	12100
Exonic	107327A_TUC_0h_no4sU	T	A	180010786	8767
Exonic	107327A_TUC_0h_no4sU	T	C	180010786	81619
Exonic	107327A_TUC_0h_no4sU	T	G	180010786	8880
Exonic	107329A_TUC_1h	A	C	140433385	6896
Exonic	107329A_TUC_1h	A	G	140433385	58831
Exonic	107329A_TUC_1h	A	T	140433385	7706
Exonic	107329A_TUC_1h	C	A	151038364	7635
Exonic	107329A_TUC_1h	C	G	151038364	11641
Exonic	107329A_TUC_1h	C	T	151038364	68741
Exonic	107329A_TUC_1h	G	A	156956422	41158
Exonic	107329A_TUC_1h	G	C	156956422	16249
Exonic	107329A_TUC_1h	G	T	156956422	9745
Exonic	107329A_TUC_1h	T	A	147604260	7120
Exonic	107329A_TUC_1h	T	C	147604260	218984
Exonic	107329A_TUC_1h	T	G	147604260	7660
Exonic	107331A_TUC_2h	A	C	144395230	7257
Exonic	107331A_TUC_2h	A	G	144395230	60404
Exonic	107331A_TUC_2h	A	T	144395230	8051
Exonic	107331A_TUC_2h	C	A	157382255	8142
Exonic	107331A_TUC_2h	C	G	157382255	12068
Exonic	107331A_TUC_2h	C	T	157382255	106361
Exonic	107331A_TUC_2h	G	A	162550124	41656
Exonic	107331A_TUC_2h	G	C	162550124	16773
Exonic	107331A_TUC_2h	G	T	162550124	10939
Exonic	107331A_TUC_2h	T	A	152524949	7886
Exonic	107331A_TUC_2h	T	C	152524949	823892
Exonic	107331A_TUC_2h	T	G	152524949	8086
Exonic	107333A_TUC_4h	A	C	173596660	8953
Exonic	107333A_TUC_4h	A	G	173596660	74433
Exonic	107333A_TUC_4h	A	T	173596660	9370
Exonic	107333A_TUC_4h	C	A	194592952	9881
Exonic	107333A_TUC_4h	C	G	194592952	15384
Exonic	107333A_TUC_4h	C	T	194592952	144343
Exonic	107333A_TUC_4h	G	A	200645423	52270
Exonic	107333A_TUC_4h	G	C	200645423	21017
Exonic	107333A_TUC_4h	G	T	200645423	13369
Exonic	107333A_TUC_4h	T	A	184646878	9483
Exonic	107333A_TUC_4h	T	C	184646878	1914366
Exonic	107333A_TUC_4h	T	G	184646878	9889
Exonic	107335A_TUC_8h	A	C	185335639	9384
Exonic	107335A_TUC_8h	A	G	185335639	79304
Exonic	107335A_TUC_8h	A	T	185335639	10109
Exonic	107335A_TUC_8h	C	A	207359694	10932
Exonic	107335A_TUC_8h	C	G	207359694	16379
Exonic	107335A_TUC_8h	C	T	207359694	135920
Exonic	107335A_TUC_8h	G	A	212173271	54895
Exonic	107335A_TUC_8h	G	C	212173271	23075
Exonic	107335A_TUC_8h	G	T	212173271	14217
Exonic	107335A_TUC_8h	T	A	197397825	10102
Exonic	107335A_TUC_8h	T	C	197397825	3303520
Exonic	107335A_TUC_8h	T	G	197397825	11042
Exonic	107357B_TUC_0h_no4sU	A	C	141878565	6795
Exonic	107357B_TUC_0h_no4sU	A	G	141878565	58236
Exonic	107357B_TUC_0h_no4sU	A	T	141878565	7820
Exonic	107357B_TUC_0h_no4sU	C	A	149668078	7518
Exonic	107357B_TUC_0h_no4sU	C	G	149668078	11117
Exonic	107357B_TUC_0h_no4sU	C	T	149668078	77250
Exonic	107357B_TUC_0h_no4sU	G	A	154153344	40479
Exonic	107357B_TUC_0h_no4sU	G	C	154153344	15336
Exonic	107357B_TUC_0h_no4sU	G	T	154153344	9812
Exonic	107357B_TUC_0h_no4sU	T	A	149135042	7293
Exonic	107357B_TUC_0h_no4sU	T	C	149135042	66401
Exonic	107357B_TUC_0h_no4sU	T	G	149135042	7402
Exonic	107359B_TUC_1h	A	C	157313060	7309
Exonic	107359B_TUC_1h	A	G	157313060	64809
Exonic	107359B_TUC_1h	A	T	157313060	8602
Exonic	107359B_TUC_1h	C	A	165859005	8220
Exonic	107359B_TUC_1h	C	G	165859005	12357
Exonic	107359B_TUC_1h	C	T	165859005	81253
Exonic	107359B_TUC_1h	G	A	170677177	41805
Exonic	107359B_TUC_1h	G	C	170677177	16708
Exonic	107359B_TUC_1h	G	T	170677177	10254
Exonic	107359B_TUC_1h	T	A	165383289	7579
Exonic	107359B_TUC_1h	T	C	165383289	338252
Exonic	107359B_TUC_1h	T	G	165383289	7793
Exonic	107361B_TUC_2h	A	C	150109950	7244
Exonic	107361B_TUC_2h	A	G	150109950	61215
Exonic	107361B_TUC_2h	A	T	150109950	8101
Exonic	107361B_TUC_2h	C	A	161009083	7969
Exonic	107361B_TUC_2h	C	G	161009083	12370
Exonic	107361B_TUC_2h	C	T	161009083	78365
Exonic	107361B_TUC_2h	G	A	166168384	42730
Exonic	107361B_TUC_2h	G	C	166168384	16668
Exonic	107361B_TUC_2h	G	T	166168384	10225
Exonic	107361B_TUC_2h	T	A	157992404	7598
Exonic	107361B_TUC_2h	T	C	157992404	1024866
Exonic	107361B_TUC_2h	T	G	157992404	7945
Exonic	107363B_TUC_4h	A	C	139260999	6809
Exonic	107363B_TUC_4h	A	G	139260999	58425
Exonic	107363B_TUC_4h	A	T	139260999	7489
Exonic	107363B_TUC_4h	C	A	151151244	7415
Exonic	107363B_TUC_4h	C	G	151151244	11635
Exonic	107363B_TUC_4h	C	T	151151244	79070
Exonic	107363B_TUC_4h	G	A	156948108	38870
Exonic	107363B_TUC_4h	G	C	156948108	15996
Exonic	107363B_TUC_4h	G	T	156948108	9736
Exonic	107363B_TUC_4h	T	A	146567098	6958
Exonic	107363B_TUC_4h	T	C	146567098	2129386
Exonic	107363B_TUC_4h	T	G	146567098	7181
Exonic	107365B_TUC_8h	A	C	165758934	8278
Exonic	107365B_TUC_8h	A	G	165758934	68843
Exonic	107365B_TUC_8h	A	T	165758934	9075
Exonic	107365B_TUC_8h	C	A	180806643	8930
Exonic	107365B_TUC_8h	C	G	180806643	13987
Exonic	107365B_TUC_8h	C	T	180806643	103369
Exonic	107365B_TUC_8h	G	A	185340067	47489
Exonic	107365B_TUC_8h	G	C	185340067	19431
Exonic	107365B_TUC_8h	G	T	185340067	12134
Exonic	107365B_TUC_8h	T	A	174822755	8391
Exonic	107365B_TUC_8h	T	C	174822755	3588124
Exonic	107365B_TUC_8h	T	G	174822755	9144
ExonicAntisense	107327A_TUC_0h_no4sU	A	C	170564748	8514
ExonicAntisense	107327A_TUC_0h_no4sU	A	G	170564748	71702
ExonicAntisense	107327A_TUC_0h_no4sU	A	T	170564748	9224
ExonicAntisense	107327A_TUC_0h_no4sU	C	A	186557332	9063
ExonicAntisense	107327A_TUC_0h_no4sU	C	G	186557332	14472
ExonicAntisense	107327A_TUC_0h_no4sU	C	T	186557332	109368
ExonicAntisense	107327A_TUC_0h_no4sU	G	A	192656979	49529
ExonicAntisense	107327A_TUC_0h_no4sU	G	C	192656979	19587
ExonicAntisense	107327A_TUC_0h_no4sU	G	T	192656979	12100
ExonicAntisense	107327A_TUC_0h_no4sU	T	A	180010786	8767
ExonicAntisense	107327A_TUC_0h_no4sU	T	C	180010786	81619
ExonicAntisense	107327A_TUC_0h_no4sU	T	G	180010786	8880
ExonicAntisense	107329A_TUC_1h	A	C	140433385	6896
ExonicAntisense	107329A_TUC_1h	A	G	140433385	58831
ExonicAntisense	107329A_TUC_1h	A	T	140433385	7706
ExonicAntisense	107329A_TUC_1h	C	A	151038364	7635
ExonicAntisense	107329A_TUC_1h	C	G	151038364	11641
ExonicAntisense	107329A_TUC_1h	C	T	151038364	68741
ExonicAntisense	107329A_TUC_1h	G	A	156956422	41158
ExonicAntisense	107329A_TUC_1h	G	C	156956422	16249
ExonicAntisense	107329A_TUC_1h	G	T	156956422	9745
ExonicAntisense	107329A_TUC_1h	T	A	147604260	7120
ExonicAntisense	107329A_TUC_1h	T	C	147604260	218984
ExonicAntisense	107329A_TUC_1h	T	G	147604260	7660
ExonicAntisense	107331A_TUC_2h	A	C	144395230	7257
ExonicAntisense	107331A_TUC_2h	A	G	144395230	60404
ExonicAntisense	107331A_TUC_2h	A	T	144395230	8051
ExonicAntisense	107331A_TUC_2h	C	A	157382255	8142
ExonicAntisense	107331A_TUC_2h	C	G	157382255	12068
ExonicAntisense	107331A_TUC_2h	C	T	157382255	106361
ExonicAntisense	107331A_TUC_2h	G	A	162550124	41656
ExonicAntisense	107331A_TUC_2h	G	C	162550124	16773
ExonicAntisense	107331A_TUC_2h	G	T	162550124	10939
ExonicAntisense	107331A_TUC_2h	T	A	152524949	7886
ExonicAntisense	107331A_TUC_2h	T	C	152524949	823892
ExonicAntisense	107331A_TUC_2h	T	G	152524949	8086
ExonicAntisense	107333A_TUC_4h	A	C	173596660	8953
ExonicAntisense	107333A_TUC_4h	A	G	173596660	74433
ExonicAntisense	107333A_TUC_4h	A	T	173596660	9370
ExonicAntisense	107333A_TUC_4h	C	A	194592952	9881
ExonicAntisense	107333A_TUC_4h	C	G	194592952	15384
ExonicAntisense	107333A_TUC_4h	C	T	194592952	144343
ExonicAntisense	107333A_TUC_4h	G	A	200645423	52270
ExonicAntisense	107333A_TUC_4h	G	C	200645423	21017
ExonicAntisense	107333A_TUC_4h	G	T	200645423	13369
ExonicAntisense	107333A_TUC_4h	T	A	184646878	9483
ExonicAntisense	107333A_TUC_4h	T	C	184646878	1914366
ExonicAntisense	107333A_TUC_4h	T	G	184646878	9889
ExonicAntisense	107335A_TUC_8h	A	C	185335639	9384
ExonicAntisense	107335A_TUC_8h	A	G	185335639	79304
ExonicAntisense	107335A_TUC_8h	A	T	185335639	10109
ExonicAntisense	107335A_TUC_8h	C	A	207359694	10932
ExonicAntisense	107335A_TUC_8h	C	G	207359694	16379
ExonicAntisense	107335A_TUC_8h	C	T	207359694	135920
ExonicAntisense	107335A_TUC_8h	G	A	212173271	54895
ExonicAntisense	107335A_TUC_8h	G	C	212173271	23075
ExonicAntisense	107335A_TUC_8h	G	T	212173271	14217
ExonicAntisense	107335A_TUC_8h	T	A	197397825	10102
ExonicAntisense	107335A_TUC_8h	T	C	197397825	3303520
ExonicAntisense	107335A_TUC_8h	T	G	197397825	11042
ExonicAntisense	107357B_TUC_0h_no4sU	A	C	141878565	6795
ExonicAntisense	107357B_TUC_0h_no4sU	A	G	141878565	58236
ExonicAntisense	107357B_TUC_0h_no4sU	A	T	141878565	7820
ExonicAntisense	107357B_TUC_0h_no4sU	C	A	149668078	7518
ExonicAntisense	107357B_TUC_0h_no4sU	C	G	149668078	11117
ExonicAntisense	107357B_TUC_0h_no4sU	C	T	149668078	77250
ExonicAntisense	107357B_TUC_0h_no4sU	G	A	154153344	40479
ExonicAntisense	107357B_TUC_0h_no4sU	G	C	154153344	15336
ExonicAntisense	107357B_TUC_0h_no4sU	G	T	154153344	9812
ExonicAntisense	107357B_TUC_0h_no4sU	T	A	149135042	7293
ExonicAntisense	107357B_TUC_0h_no4sU	T	C	149135042	66401
ExonicAntisense	107357B_TUC_0h_no4sU	T	G	149135042	7402
ExonicAntisense	107359B_TUC_1h	A	C	157313060	7309
ExonicAntisense	107359B_TUC_1h	A	G	157313060	64809
ExonicAntisense	107359B_TUC_1h	A	T	157313060	8602
ExonicAntisense	107359B_TUC_1h	C	A	165859005	8220
ExonicAntisense	107359B_TUC_1h	C	G	165859005	12357
ExonicAntisense	107359B_TUC_1h	C	T	165859005	81253
ExonicAntisense	107359B_TUC_1h	G	A	170677177	41805
ExonicAntisense	107359B_TUC_1h	G	C	170677177	16708
ExonicAntisense	107359B_TUC_1h	G	T	170677177	10254
ExonicAntisense	107359B_TUC_1h	T	A	165383289	7579
ExonicAntisense	107359B_TUC_1h	T	C	165383289	338252
ExonicAntisense	107359B_TUC_1h	T	G	165383289	7793
ExonicAntisense	107361B_TUC_2h	A	C	150109950	7244
ExonicAntisense	107361B_TUC_2h	A	G	150109950	61215
ExonicAntisense	107361B_TUC_2h	A	T	150109950	8101
ExonicAntisense	107361B_TUC_2h	C	A	161009083	7969
ExonicAntisense	107361B_TUC_2h	C	G	161009083	12370
ExonicAntisense	107361B_TUC_2h	C	T	161009083	78365
ExonicAntisense	107361B_TUC_2h	G	A	166168384	42730
ExonicAntisense	107361B_TUC_2h	G	C	166168384	16668
ExonicAntisense	107361B_TUC_2h	G	T	166168384	10225
ExonicAntisense	107361B_TUC_2h	T	A	157992404	7598
ExonicAntisense	107361B_TUC_2h	T	C	157992404	1024866
ExonicAntisense	107361B_TUC_2h	T	G	157992404	7945
ExonicAntisense	107363B_TUC_4h	A	C	139260999	6809
ExonicAntisense	107363B_TUC_4h	A	G	139260999	58425
ExonicAntisense	107363B_TUC_4h	A	T	139260999	7489
ExonicAntisense	107363B_TUC_4h	C	A	151151244	7415
ExonicAntisense	107363B_TUC_4h	C	G	151151244	11635
ExonicAntisense	107363B_TUC_4h	C	T	151151244	79070
ExonicAntisense	107363B_TUC_4h	G	A	156948108	38870
ExonicAntisense	107363B_TUC_4h	G	C	156948108	15996
ExonicAntisense	107363B_TUC_4h	G	T	156948108	9736
ExonicAntisense	107363B_TUC_4h	T	A	146567098	6958
ExonicAntisense	107363B_TUC_4h	T	C	146567098	2129386
ExonicAntisense	107363B_TUC_4h	T	G	146567098	7181
ExonicAntisense	107365B_TUC_8h	A	C	165758934	8278
ExonicAntisense	107365B_TUC_8h	A	G	165758934	68843
ExonicAntisense	107365B_TUC_8h	A	T	165758934	9075
ExonicAntisense	107365B_TUC_8h	C	A	180806643	8930
ExonicAntisense	107365B_TUC_8h	C	G	180806643	13987
ExonicAntisense	107365B_TUC_8h	C	T	180806643	103369
ExonicAntisense	107365B_TUC_8h	G	A	185340067	47489
ExonicAntisense	107365B_TUC_8h	G	C	185340067	19431
ExonicAntisense	107365B_TUC_8h	G	T	185340067	12134
ExonicAntisense	107365B_TUC_8h	T	A	174822755	8391
ExonicAntisense	107365B_TUC_8h	T	C	174822755	3588124
ExonicAntisense	107365B_TUC_8h	T	G	174822755	9144
Intronic	107327A_TUC_0h_no4sU	A	C	16544919	2191
Intronic	107327A_TUC_0h_no4sU	A	G	16544919	21242
Intronic	107327A_TUC_0h_no4sU	A	T	16544919	1423
Intronic	107327A_TUC_0h_no4sU	C	A	15937736	1547
Intronic	107327A_TUC_0h_no4sU	C	G	15937736	1819
Intronic	107327A_TUC_0h_no4sU	C	T	15937736	10786
Intronic	107327A_TUC_0h_no4sU	G	A	15797197	7379
Intronic	107327A_TUC_0h_no4sU	G	C	15797197	2436
Intronic	107327A_TUC_0h_no4sU	G	T	15797197	2070
Intronic	107327A_TUC_0h_no4sU	T	A	16059495	1591
Intronic	107327A_TUC_0h_no4sU	T	C	16059495	9236
Intronic	107327A_TUC_0h_no4sU	T	G	16059495	1632
Intronic	107329A_TUC_1h	A	C	25904461	2953
Intronic	107329A_TUC_1h	A	G	25904461	27520
Intronic	107329A_TUC_1h	A	T	25904461	2429
Intronic	107329A_TUC_1h	C	A	22151743	2374
Intronic	107329A_TUC_1h	C	G	22151743	2790
Intronic	107329A_TUC_1h	C	T	22151743	13373
Intronic	107329A_TUC_1h	G	A	21758357	11535
Intronic	107329A_TUC_1h	G	C	21758357	3720
Intronic	107329A_TUC_1h	G	T	21758357	3211
Intronic	107329A_TUC_1h	T	A	24272534	2409
Intronic	107329A_TUC_1h	T	C	24272534	172434
Intronic	107329A_TUC_1h	T	G	24272534	2752
Intronic	107331A_TUC_2h	A	C	43814783	4539
Intronic	107331A_TUC_2h	A	G	43814783	46556
Intronic	107331A_TUC_2h	A	T	43814783	4132
Intronic	107331A_TUC_2h	C	A	35439259	4213
Intronic	107331A_TUC_2h	C	G	35439259	4478
Intronic	107331A_TUC_2h	C	T	35439259	29301
Intronic	107331A_TUC_2h	G	A	34679507	19218
Intronic	107331A_TUC_2h	G	C	34679507	6112
Intronic	107331A_TUC_2h	G	T	34679507	5455
Intronic	107331A_TUC_2h	T	A	40502884	4521
Intronic	107331A_TUC_2h	T	C	40502884	677301
Intronic	107331A_TUC_2h	T	G	40502884	4790
Intronic	107333A_TUC_4h	A	C	49187143	5200
Intronic	107333A_TUC_4h	A	G	49187143	54932
Intronic	107333A_TUC_4h	A	T	49187143	4668
Intronic	107333A_TUC_4h	C	A	40916002	4549
Intronic	107333A_TUC_4h	C	G	40916002	5346
Intronic	107333A_TUC_4h	C	T	40916002	35384
Intronic	107333A_TUC_4h	G	A	39917906	21976
Intronic	107333A_TUC_4h	G	C	39917906	7081
Intronic	107333A_TUC_4h	G	T	39917906	6305
Intronic	107333A_TUC_4h	T	A	45927613	5038
Intronic	107333A_TUC_4h	T	C	45927613	964009
Intronic	107333A_TUC_4h	T	G	45927613	5317
Intronic	107335A_TUC_8h	A	C	46232986	4818
Intronic	107335A_TUC_8h	A	G	46232986	53756
Intronic	107335A_TUC_8h	A	T	46232986	4276
Intronic	107335A_TUC_8h	C	A	38657281	4522
Intronic	107335A_TUC_8h	C	G	38657281	5060
Intronic	107335A_TUC_8h	C	T	38657281	30611
Intronic	107335A_TUC_8h	G	A	37587532	20499
Intronic	107335A_TUC_8h	G	C	37587532	6792
Intronic	107335A_TUC_8h	G	T	37587532	5752
Intronic	107335A_TUC_8h	T	A	43308608	4581
Intronic	107335A_TUC_8h	T	C	43308608	1055750
Intronic	107335A_TUC_8h	T	G	43308608	5029
Intronic	107357B_TUC_0h_no4sU	A	C	15192423	1874
Intronic	107357B_TUC_0h_no4sU	A	G	15192423	18567
Intronic	107357B_TUC_0h_no4sU	A	T	15192423	1401
Intronic	107357B_TUC_0h_no4sU	C	A	14039869	1473
Intronic	107357B_TUC_0h_no4sU	C	G	14039869	1707
Intronic	107357B_TUC_0h_no4sU	C	T	14039869	8783
Intronic	107357B_TUC_0h_no4sU	G	A	13788116	6752
Intronic	107357B_TUC_0h_no4sU	G	C	13788116	2223
Intronic	107357B_TUC_0h_no4sU	G	T	13788116	1836
Intronic	107357B_TUC_0h_no4sU	T	A	14617182	1510
Intronic	107357B_TUC_0h_no4sU	T	C	14617182	8285
Intronic	107357B_TUC_0h_no4sU	T	G	14617182	1583
Intronic	107359B_TUC_1h	A	C	17154702	2065
Intronic	107359B_TUC_1h	A	G	17154702	20151
Intronic	107359B_TUC_1h	A	T	17154702	1458
Intronic	107359B_TUC_1h	C	A	15553189	1607
Intronic	107359B_TUC_1h	C	G	15553189	1834
Intronic	107359B_TUC_1h	C	T	15553189	9392
Intronic	107359B_TUC_1h	G	A	15285785	7143
Intronic	107359B_TUC_1h	G	C	15285785	2336
Intronic	107359B_TUC_1h	G	T	15285785	2021
Intronic	107359B_TUC_1h	T	A	16445869	1583
Intronic	107359B_TUC_1h	T	C	16445869	140818
Intronic	107359B_TUC_1h	T	G	16445869	1542
Intronic	107361B_TUC_2h	A	C	17648110	2125
Intronic	107361B_TUC_2h	A	G	17648110	21197
Intronic	107361B_TUC_2h	A	T	17648110	1525
Intronic	107361B_TUC_2h	C	A	15991594	1644
Intronic	107361B_TUC_2h	C	G	15991594	1952
Intronic	107361B_TUC_2h	C	T	15991594	9675
Intronic	107361B_TUC_2h	G	A	15758327	7677
Intronic	107361B_TUC_2h	G	C	15758327	2611
Intronic	107361B_TUC_2h	G	T	15758327	2279
Intronic	107361B_TUC_2h	T	A	16896520	1674
Intronic	107361B_TUC_2h	T	C	16896520	318845
Intronic	107361B_TUC_2h	T	G	16896520	1714
Intronic	107363B_TUC_4h	A	C	18739787	2225
Intronic	107363B_TUC_4h	A	G	18739787	22341
Intronic	107363B_TUC_4h	A	T	18739787	1683
Intronic	107363B_TUC_4h	C	A	16797901	1596
Intronic	107363B_TUC_4h	C	G	16797901	2038
Intronic	107363B_TUC_4h	C	T	16797901	10663
Intronic	107363B_TUC_4h	G	A	16540727	8056
Intronic	107363B_TUC_4h	G	C	16540727	2749
Intronic	107363B_TUC_4h	G	T	16540727	2332
Intronic	107363B_TUC_4h	T	A	17801677	1750
Intronic	107363B_TUC_4h	T	C	17801677	477367
Intronic	107363B_TUC_4h	T	G	17801677	1775
Intronic	107365B_TUC_8h	A	C	18305943	2333
Intronic	107365B_TUC_8h	A	G	18305943	22893
Intronic	107365B_TUC_8h	A	T	18305943	1621
Intronic	107365B_TUC_8h	C	A	16912395	1719
Intronic	107365B_TUC_8h	C	G	16912395	2095
Intronic	107365B_TUC_8h	C	T	16912395	11454
Intronic	107365B_TUC_8h	G	A	16581675	7975
Intronic	107365B_TUC_8h	G	C	16581675	2809
Intronic	107365B_TUC_8h	G	T	16581675	2330
Intronic	107365B_TUC_8h	T	A	17637255	1754
Intronic	107365B_TUC_8h	T	C	17637255	479231
Intronic	107365B_TUC_8h	T	G	17637255	1805
IntronicAntisense	107327A_TUC_0h_no4sU	A	C	16544919	2191
IntronicAntisense	107327A_TUC_0h_no4sU	A	G	16544919	21242
IntronicAntisense	107327A_TUC_0h_no4sU	A	T	16544919	1423
IntronicAntisense	107327A_TUC_0h_no4sU	C	A	15937736	1547
IntronicAntisense	107327A_TUC_0h_no4sU	C	G	15937736	1819
IntronicAntisense	107327A_TUC_0h_no4sU	C	T	15937736	10786
IntronicAntisense	107327A_TUC_0h_no4sU	G	A	15797197	7379
IntronicAntisense	107327A_TUC_0h_no4sU	G	C	15797197	2436
IntronicAntisense	107327A_TUC_0h_no4sU	G	T	15797197	2070
IntronicAntisense	107327A_TUC_0h_no4sU	T	A	16059495	1591
IntronicAntisense	107327A_TUC_0h_no4sU	T	C	16059495	9236
IntronicAntisense	107327A_TUC_0h_no4sU	T	G	16059495	1632
IntronicAntisense	107329A_TUC_1h	A	C	25904461	2953
IntronicAntisense	107329A_TUC_1h	A	G	25904461	27520
IntronicAntisense	107329A_TUC_1h	A	T	25904461	2429
IntronicAntisense	107329A_TUC_1h	C	A	22151743	2374
IntronicAntisense	107329A_TUC_1h	C	G	22151743	2790
IntronicAntisense	107329A_TUC_1h	C	T	22151743	13373
IntronicAntisense	107329A_TUC_1h	G	A	21758357	11535
IntronicAntisense	107329A_TUC_1h	G	C	21758357	3720
IntronicAntisense	107329A_TUC_1h	G	T	21758357	3211
IntronicAntisense	107329A_TUC_1h	T	A	24272534	2409
IntronicAntisense	107329A_TUC_1h	T	C	24272534	172434
IntronicAntisense	107329A_TUC_1h	T	G	24272534	2752
IntronicAntisense	107331A_TUC_2h	A	C	43814783	4539
IntronicAntisense	107331A_TUC_2h	A	G	43814783	46556
IntronicAntisense	107331A_TUC_2h	A	T	43814783	4132
IntronicAntisense	107331A_TUC_2h	C	A	35439259	4213
IntronicAntisense	107331A_TUC_2h	C	G	35439259	4478
IntronicAntisense	107331A_TUC_2h	C	T	35439259	29301
IntronicAntisense	107331A_TUC_2h	G	A	34679507	19218
IntronicAntisense	107331A_TUC_2h	G	C	34679507	6112
IntronicAntisense	107331A_TUC_2h	G	T	34679507	5455
IntronicAntisense	107331A_TUC_2h	T	A	40502884	4521
IntronicAntisense	107331A_TUC_2h	T	C	40502884	677301
IntronicAntisense	107331A_TUC_2h	T	G	40502884	4790
IntronicAntisense	107333A_TUC_4h	A	C	49187143	5200
IntronicAntisense	107333A_TUC_4h	A	G	49187143	54932
IntronicAntisense	107333A_TUC_4h	A	T	49187143	4668
IntronicAntisense	107333A_TUC_4h	C	A	40916002	4549
IntronicAntisense	107333A_TUC_4h	C	G	40916002	5346
IntronicAntisense	107333A_TUC_4h	C	T	40916002	35384
IntronicAntisense	107333A_TUC_4h	G	A	39917906	21976
IntronicAntisense	107333A_TUC_4h	G	C	39917906	7081
IntronicAntisense	107333A_TUC_4h	G	T	39917906	6305
IntronicAntisense	107333A_TUC_4h	T	A	45927613	5038
IntronicAntisense	107333A_TUC_4h	T	C	45927613	964009
IntronicAntisense	107333A_TUC_4h	T	G	45927613	5317
IntronicAntisense	107335A_TUC_8h	A	C	46232986	4818
IntronicAntisense	107335A_TUC_8h	A	G	46232986	53756
IntronicAntisense	107335A_TUC_8h	A	T	46232986	4276
IntronicAntisense	107335A_TUC_8h	C	A	38657281	4522
IntronicAntisense	107335A_TUC_8h	C	G	38657281	5060
IntronicAntisense	107335A_TUC_8h	C	T	38657281	30611
IntronicAntisense	107335A_TUC_8h	G	A	37587532	20499
IntronicAntisense	107335A_TUC_8h	G	C	37587532	6792
IntronicAntisense	107335A_TUC_8h	G	T	37587532	5752
IntronicAntisense	107335A_TUC_8h	T	A	43308608	4581
IntronicAntisense	107335A_TUC_8h	T	C	43308608	1055750
IntronicAntisense	107335A_TUC_8h	T	G	43308608	5029
IntronicAntisense	107357B_TUC_0h_no4sU	A	C	15192423	1874
IntronicAntisense	107357B_TUC_0h_no4sU	A	G	15192423	18567
IntronicAntisense	107357B_TUC_0h_no4sU	A	T	15192423	1401
IntronicAntisense	107357B_TUC_0h_no4sU	C	A	14039869	1473
IntronicAntisense	107357B_TUC_0h_no4sU	C	G	14039869	1707
IntronicAntisense	107357B_TUC_0h_no4sU	C	T	14039869	8783
IntronicAntisense	107357B_TUC_0h_no4sU	G	A	13788116	6752
IntronicAntisense	107357B_TUC_0h_no4sU	G	C	13788116	2223
IntronicAntisense	107357B_TUC_0h_no4sU	G	T	13788116	1836
IntronicAntisense	107357B_TUC_0h_no4sU	T	A	14617182	1510
IntronicAntisense	107357B_TUC_0h_no4sU	T	C	14617182	8285
IntronicAntisense	107357B_TUC_0h_no4sU	T	G	14617182	1583
IntronicAntisense	107359B_TUC_1h	A	C	17154702	2065
IntronicAntisense	107359B_TUC_1h	A	G	17154702	20151
IntronicAntisense	107359B_TUC_1h	A	T	17154702	1458
IntronicAntisense	107359B_TUC_1h	C	A	15553189	1607
IntronicAntisense	107359B_TUC_1h	C	G	15553189	1834
IntronicAntisense	107359B_TUC_1h	C	T	15553189	9392
IntronicAntisense	107359B_TUC_1h	G	A	15285785	7143
IntronicAntisense	107359B_TUC_1h	G	C	15285785	2336
IntronicAntisense	107359B_TUC_1h	G	T	15285785	2021
IntronicAntisense	107359B_TUC_1h	T	A	16445869	1583
IntronicAntisense	107359B_TUC_1h	T	C	16445869	140818
IntronicAntisense	107359B_TUC_1h	T	G	16445869	1542
IntronicAntisense	107361B_TUC_2h	A	C	17648110	2125
IntronicAntisense	107361B_TUC_2h	A	G	17648110	21197
IntronicAntisense	107361B_TUC_2h	A	T	17648110	1525
IntronicAntisense	107361B_TUC_2h	C	A	15991594	1644
IntronicAntisense	107361B_TUC_2h	C	G	15991594	1952
IntronicAntisense	107361B_TUC_2h	C	T	15991594	9675
IntronicAntisense	107361B_TUC_2h	G	A	15758327	7677
IntronicAntisense	107361B_TUC_2h	G	C	15758327	2611
IntronicAntisense	107361B_TUC_2h	G	T	15758327	2279
IntronicAntisense	107361B_TUC_2h	T	A	16896520	1674
IntronicAntisense	107361B_TUC_2h	T	C	16896520	318845
IntronicAntisense	107361B_TUC_2h	T	G	16896520	1714
IntronicAntisense	107363B_TUC_4h	A	C	18739787	2225
IntronicAntisense	107363B_TUC_4h	A	G	18739787	22341
IntronicAntisense	107363B_TUC_4h	A	T	18739787	1683
IntronicAntisense	107363B_TUC_4h	C	A	16797901	1596
IntronicAntisense	107363B_TUC_4h	C	G	16797901	2038
IntronicAntisense	107363B_TUC_4h	C	T	16797901	10663
IntronicAntisense	107363B_TUC_4h	G	A	16540727	8056
IntronicAntisense	107363B_TUC_4h	G	C	16540727	2749
IntronicAntisense	107363B_TUC_4h	G	T	16540727	2332
IntronicAntisense	107363B_TUC_4h	T	A	17801677	1750
IntronicAntisense	107363B_TUC_4h	T	C	17801677	477367
IntronicAntisense	107363B_TUC_4h	T	G	17801677	1775
IntronicAntisense	107365B_TUC_8h	A	C	18305943	2333
IntronicAntisense	107365B_TUC_8h	A	G	18305943	22893
IntronicAntisense	107365B_TUC_8h	A	T	18305943	1621
IntronicAntisense	107365B_TUC_8h	C	A	16912395	1719
IntronicAntisense	107365B_TUC_8h	C	G	16912395	2095
IntronicAntisense	107365B_TUC_8h	C	T	16912395	11454
IntronicAntisense	107365B_TUC_8h	G	A	16581675	7975
IntronicAntisense	107365B_TUC_8h	G	C	16581675	2809
IntronicAntisense	107365B_TUC_8h	G	T	16581675	2330
IntronicAntisense	107365B_TUC_8h	T	A	17637255	1754
IntronicAntisense	107365B_TUC_8h	T	C	17637255	479231
IntronicAntisense	107365B_TUC_8h	T	G	17637255	1805
